id,type,typeEs,typeEu,nameEs,nameEu,startDate,endDate,publicationDate,language,openingHoursEs,openingHoursEu,sourceNameEs,sourceNameEu,sourceUrlEs,sourceUrlEu,priceEs,priceEu,descriptionEs,descriptionEu,municipalityEs,municipalityEu,municipalityLatitude,municipalityLongitude,municipalityNoraCode,provinceNoraCode,establishmentEs,establishmentEu,urlEventEs,urlEventEu,urlNameEs,urlNameEu,images,attachment,purchaseUrlEs,purchaseUrlEu,companyEs,companyEu,placeEs,placeEu,online,urlOnlineEs,urlOnlineEu,temperature,humidity,wind_speed,time,last_updated,precipitation_probability
2025112008432380,3,Exposición,Erakusketa,"""UTENSILIOS Y NATURALEZA""","""TRESNAK ETA NATURA""",2025-11-22T00:00:00Z,2026-09-15T00:00:00Z,2025-11-20T12:27:05Z,VI,11:00 - 13:00 + 17:00 - 19:00,11:00 - 13:00 + 17:00 - 19:00,hontzamuseoa.eus,hontzamuseoa.eus,https://hontzamuseoa.eus/exposiciones/tresnak-eta-natura/,https://hontzamuseoa.eus/exposiciones/tresnak-eta-natura/,5 €,5 €,"<p>Desde el Museo Hontza Museoa indican:</p>
<p><em>La nueva exposici&oacute;n temporal ya est&aacute; en marcha. Presenta una cuidada selecci&oacute;n de objetos cotidianos y extraordinarios elaborados con elementos naturales, constituyendo un ejemplo &uacute;nico de cultura, ingenio y creatividad humana. La muestra permite descubrir c&oacute;mo la naturaleza inspira y condiciona la evoluci&oacute;n del arte y la funcionalidad, ofreciendo en cada pieza una historia que conecta al visitante con su origen.</em></p>
<p><em>Os invitamos a descubrir esta exposici&oacute;n y a sumergiros en la relaci&oacute;n inspiradora entre la naturaleza y la creaci&oacute;n humana.</em></p>","<p>Hontza Museotik adierazten dute:</p>
<p><em>Aldi baterako erakusketa berria martxan da. Naturako elementuekin egindako eguneroko zein aparteko objektuen aukeraketa berezi bat aurkezten du, giza kultura eta sormenaren adibide paregabea. Naturak nola eragiten duen artearen eta funtzionaltasunaren garapenean ezagutzeko aukera eskaintzen du erakusketak, objektu bakoitzaren bidez bere istorioa kontatuz.</em></p>
<p><em>Gonbidapena luzatzen dizuegu erakusketa hau ezagutzeko eta gizakiaren eta naturaren arteko harreman inspiratzailean murgiltzeko.</em></p>
<p>&nbsp;</p>",Mañaria,Mañaria,43.137484,-2.661135,212,48,Museo Fundación Hontza,Hontza Museo Fundazioa,http://hontzamuseoa.eus/?lang=es,http://hontzamuseoa.eus/,Museo Fundación Hontza,Hontza Museo Fundazioa,"[{'imageId': '1083024', 'imageFileName': '45.jpg', 'imageUrl': 'https://opendata.euskadi.eus/contenidos/evento/2025112008432380/es_def/images/45.jpg'}, {'imageId': '1083025', 'imageFileName': '46.jpg', 'imageUrl': 'https://opendata.euskadi.eus/contenidos/evento/2025112008432380/es_def/images/46.jpg'}]",[],,,,,,,,,,No informado,No informado,No informado,No informado,2026-09-16 00:29:34.052096,No informado
2026030314103632,3,Exposición,Erakusketa,Exposición colectiva de fotografía de la Asociación Artística del Duranguesado,Durangaldeko Artisten Elkarteak argazki-erakusketa kolektiboa,2026-09-04T00:00:00Z,2026-09-15T00:00:00Z,2026-09-02T12:15:21Z,NA,De lunes a viernes 18:00-20:00 / Sábados y festivos 12:00-14:00 + 18:00-20:00,Astelehenetik ostiralera 18:00-20:00/ Larunbata eta jaiegunak 12:00-14:00 + 18:00-20:00,durango.eus,durango.eus,https://www.durango.eus/o/adaptive-media/image/1950452/3/afe47e5a-d1cd-2d86-cc04-fc6cbe9e0a66?t=1770283558107,https://www.durango.eus/o/adaptive-media/image/1950452/3/afe47e5a-d1cd-2d86-cc04-fc6cbe9e0a66?t=1770283558107,Gratis,Doan,"<p><strong>La organizaci&oacute;n informa:</strong></p>
<p><em>La exposici&oacute;n podr&aacute; visitarse <strong>del 4 al 13 de septiembre de 2026</strong>, con entrada libre.</em></p>
<p><strong><em>Inauguraci&oacute;n: viernes 4 de septiembre, a las 18:00 h</em></strong></p>
<p><strong><em>Sala de Exposiciones Ezkurdi</em></strong></p>
<p><strong><em>Horarios de visita:</em></strong></p>
<ul class='lista'>
<li><em><strong>Lunes a viernes:</strong> 18:00 - 20:00 h.</em></li>
<li><em><strong>S&aacute;bados y festivos:</strong> 12:00 - 14:00 h. y 18:00 - 20:00 h.</em></li>
</ul>
<p><em><strong>Tel&eacute;fono de contacto:</strong> 747 49 42 20</em></p>
<p><em><strong>Correo electr&oacute;nico</strong> asociacionartisticadurango@gmail.com.</em></p>","<p><strong>Antolakuntzak jakinarazten du:</strong></p>
<p><em>Erakusketa<strong> 2026ko irailaren 4tik 13ra</strong> bisitatu ahal izango da. <strong>Sarrera doakoa</strong> izango da.</em></p>
<p><em>Inaugurazioa: irailak 4, ostirala, 18:00etan</em></p>
<p><em>Ezkurdi erakusketa aretoa (Durango)</em></p>
<p><strong><em>Horarios de visita:</em></strong></p>
<ul class='lista'>
<li><em><strong>Lunes a viernes:</strong> 18:00 - 20:00 h.</em></li>
<li><em><strong>S&aacute;bados y festivos:</strong> 12:00 - 14:00 h. y 18:00 - 20:00 h.</em></li>
</ul>
<p><em><strong>Harremanetarako telefonoa:</strong> 747 49 42 20</em></p>
<p><em><strong>Helbide elektronikoa:</strong> <a href=""mailto:asociacionartisticadurango@gmail.com"" target=""_blank"">asociacionartisticadurango@gmail.com</a>&nbsp;&nbsp;</em></p>",Durango,Durango,43.169068,-2.632655,171,48,Sala Municipal de Exposiciones Ezkurdi,Ezkurdi Udal Aretoa,http://www.durango-udala.net/portalDurango/p_14_final_Contenedor1.jsp?seccion=s_floc_d4_v1.jsp&contenido=9729&tipo=1&nivel=1400&layout=p_14_final_Contenedor1.jsp&codResi=1&codMenu=272&codMenuPN=2&codMenuSN=12&language=es,http://www.durango-udala.net/portalDurango/p_14_final_Contenedor1.jsp?seccion=s_floc_d4_v1.jsp&contenido=9729&tipo=1&nivel=1400&layout=p_14_final_Contenedor1.jsp&codResi=1&language=eu&codMenu=272&codMenuPN=2&codMenuSN=12,Sala Municipal de Exposiciones Ezkurdi,Ezkurdi Udal Aretoa,"[{'imageId': '1179127', 'imageFileName': '37.jpg', 'imageUrl': 'https://opendata.euskadi.eus/contenidos/evento/2026030314103632/es_def/images/37.jpg'}]",[],,,,,,,,,,No informado,No informado,No informado,No informado,2026-09-16 00:29:34.460359,No informado
2026031810330233,1,Concierto,Kontzertua,Sigur Rós + Bilbao Orkestra Sinfonikoa + Sociedad Coral de Bilbao,Sigur Rós + Bilbao Orkestra Sinfonikoa + Bilboko Koral Elkartea,2026-09-15T00:00:00Z,2026-09-15T00:00:00Z,2026-09-15T14:31:47Z,NA,20:30,20:30,euskalduna.eus,euskalduna.eus,https://www.euskalduna.eus/es/detalle/SIGUR26@Janto_KB/PAEU1,https://www.euskalduna.eus/eu/detalle/SIGUR26@Janto_KB/PAEU1,"82,5 / 170,5 €","82,5 / 170,5 €","<p><span>Sigur R&oacute;s</span><span>&nbsp;regresa a Europa con las &uacute;ltimas fechas de su&nbsp;</span><span>&eacute;pica gira mundial</span><span>, en la que colaborar&aacute; con orquestas locales de 41 m&uacute;sicos para dar vida a su &uacute;ltimo &aacute;lbum,&nbsp;</span><span>&Aacute;TTA</span><span>, adem&aacute;s de interpretar los temas m&aacute;s queridos de su discograf&iacute;a. En Bilbao la cita ser&aacute; el&nbsp;</span><span>15 de septiembre en el Palacio Euskalduna de Bilbao</span><span>, acompa&ntilde;ados por&nbsp;</span><span>Bilbao Orkestra Sinfonikoa</span><span>&nbsp;y&nbsp;</span><span>la Sociedad Coral de Bilbao</span><span>.</span></p>
<p><span>Los nuevos conciertos ser&aacute;n la &uacute;ltima oportunidad para que los fans disfruten de esta actuaci&oacute;n &uacute;nica de Sigur R&oacute;s, en colaboraci&oacute;n con el director Robert Ames y orquestas locales, lo que convierte estas fechas en otro hito importante en su carrera. La gira ya les ha llevado a actuar en algunas de las salas de conciertos m&aacute;s emblem&aacute;ticas del mundo, como el Royal Albert Hall de Londres, la Sala Santa Cecilia de Roma, la Salle Playel de Par&iacute;s, el Bozar de Bruselas, el Auditorio Nacional de Ciudad de M&eacute;xico y la Konzerthaus de Viena; y han colaborado, entre otros, con la London Contemporary Orchestra (LCO), la Wordless Music Orchestra, La Tallinn Chamber Orchestra, la Taiwan National Symphony Orchestra, Resound Collective, la Brisbane Philharmonic y la Melbourne Symphony Orchestra, entre otras.</span></p>
<p><span>Con cerca de diez millones de &aacute;lbumes vendidos,&nbsp;</span><span>Sigur R&oacute;s</span><span>&nbsp;se erige como una de las bandas m&aacute;s ambiciosas y aclamadas de los &uacute;ltimos tiempos, cuyos nuevos proyectos art&iacute;sticos solo apuntan hacia un futuro prometedor y emocionante.</span></p>","<p><span>Sigur R&oacute;s</span><span>&nbsp;Europara itzuliko da bere mundu-bira epikoaren azken hitzorduekin. Bira horretan, tokian tokiko 41 musikariz osatutako orkestrekin ariko da elkarlanean, bere azken diskoari,&nbsp;</span><span>&Aacute;TTA</span><span>ri, bizia emateko, eta, aldi berean, bere diskografiako kantu maitatuenetakoak interpretatzeko ere. Bilbon, hitzordua&nbsp;</span><span>irailaren 15ean izango da, Euskalduna Bilbao Jauregian</span><span>,</span><span>&nbsp;Bilbao Orkestra Sinfonikoarekin</span><span>&nbsp;eta&nbsp;</span><span>Bilboko Koral Elkartearekin batera</span><span>.</span></p>
<p><span>Kontzertu berri hauek izango dira zaleek Sigur R&oacute;sen emanaldi berezi honetaz gozatzeko azken aukera, Robert Ames zuzendariarekin eta tokian tokiko orkestrekin elkarlanean. Hori dela eta, data hauek beste mugarri garrantzitsu bat dira taldearen ibilbidean. Birak dagoeneko munduko kontzertu-areto enblematikoenetara eraman ditu, besteak beste, Londresko Royal Albert Hallera, Erromako Santa Cecilia Aretora, Parisko Salle Pleyelera, Bruselako Bozarera, Mexiko Hiriko Auditorio Nazionalera eta Vienako Konzerthausera. Halaber, hainbat orkestrarekin aritu dira elkarlanean, tartean London Contemporary Orchestra (LCO), Wordless Music Orchestra, Tallinn Chamber Orchestra, Taiwan National Symphony Orchestra, Resound Collective, Brisbane Philharmonic eta Melbourne Symphony Orchestrarekin, beste askoren artean.</span></p>
<p><span>Ia hamar milioi disko salduta,&nbsp;</span><span>Sigur R&oacute;s</span><span>&nbsp;azken urteotako talde anbiziotsuenetako eta txalotuenetako bat da, eta bere proiektu artistiko berriek etorkizun oparo eta zirraragarri baten norabidea erakusten dute.</span></p>",Bilbao,Bilbao,43.256963,-2.923441,167,48,Palacio Euskalduna,Euskalduna Jauregia,https://www.euskalduna.eus/,https://www.euskalduna.eus/eu/,Palacio Euskalduna,Euskalduna Jauregia,"[{'imageId': '1183491', 'imageFileName': 'sr.jpg', 'imageUrl': 'https://opendata.euskadi.eus/contenidos/evento/2026031810330233/es_def/images/sr.jpg'}]",[],https://www.euskalduna.eus/es/detalle/SIGUR26@Janto_KB/PAEU1,https://www.euskalduna.eus/eu/detalle/SIGUR26@Janto_KB/PAEU1,,,,,,,,No informado,No informado,No informado,No informado,2026-09-16 00:29:34.871708,No informado
2026052011205098,3,Exposición,Erakusketa,"""FotoArte 2026"" (Exposiciones de la XXI edición de FotoArte)","""FotoArte 2026"" (FotoArteren XXI. edizioko erakusketa)",2026-05-28T00:00:00Z,2026-09-15T00:00:00Z,2026-05-25T11:00:48Z,NA,,,vitoria-gasteiz.org,vitoria-gasteiz.org,https://blogs.vitoria-gasteiz.org/medios/2026/05/07/la-exposicion-de-la-xxi-edicion-de-fotoarte-recorrera-los-centros-civicos-de-vitoria-gasteiz-de-mayo-a-septiembre/,https://blogs.vitoria-gasteiz.org/medios/2026/05/07/fotoarteren-xxi-edizioko-erakusketak-gasteizko-gizarte-etxeak-bisitatuko-ditu-maiatzetik-irailera/?lang=eu,Gratis,Doan,"<p>La <span>XXI edici&oacute;n de FotoArte</span> ya revel&oacute; sus <a href=""https://blogs.vitoria-gasteiz.org/medios/2026/03/27/el-trono-improvisado-de-karlos-egino-olabe-ha-obtenido-el-primer-premio-en-el-xxi-concurso-fotoarte/"" target=""_blank"">ganadores</a> con el primer premio para <span>Karlos Egino Olabe </span>y su obra <span><em>El trono improvisado. </em></span>Ahora a las 5 im&aacute;genes galardonadas, se le suman otras 27 seleccionadas, tambi&eacute;n por el jurado, para constituir una <span>exposici&oacute;n itinerante</span>. <strong>Estas 32 instant&aacute;neas recorrer&aacute;n los centros c&iacute;vicos desde finales de mayo hasta septiembre</strong>.</p>
<p>En concreto se inaugurar&aacute; en <span>28 de mayo</span> a las 19:00 horas en el centro c&iacute;vico <span>El Pilar</span> con la actuaci&oacute;n de el grupo Xuxurlaka arta &amp; uilleann pipe (entrada libre hasta completar aforo). All&iacute; estar&aacute; hasta el 17 de junio cuando se trasladar&aacute; a <span>Salburua</span>, del 18 al 29 de junio. La siguiente parada ser&aacute; <span>Hegoalde</span> donde permanecer&aacute; de 30 de junio al 13 de julio. A Zabalgana llegar&aacute; el 15 de julio para quedarse hasta el 30. Toma el testigo <span>Ibaiondo</span> que la acoger&aacute; del 31 de julio al 31 de agosto y finaliza de nuevo en el <span>Pilar</span> del 1 al 15 de septiembre.</p>
<p>Dentro de la programaci&oacute;n complementaria del certamen tambi&eacute;n se encuentran las actividades gratuitas en torno al mundo de la imagen. La primera es una <span>conferencia</span> titulada <span>&ldquo;Lejos de la tierra: donde llegan imagen y palabra&rdquo;</span> a cargo de la fot&oacute;grafa, creadora y educadora <span>Irene Zottola. </span>La Sociedad Fotogr&aacute;fica Alavesa colabora con FotoArte, en el marco de su ciclo Lunes Fotogr&aacute;ficos,&nbsp; para que la artista presente su segundo libro &lsquo;<span>Lejos de la tierra&rsquo; </span>y comparta procesos, b&uacute;squedas y algunas de las preguntas que han acompa&ntilde;ado el desarrollo de sus trabajos en los &uacute;ltimos a&ntilde;os, en los que la imagen se extiende m&aacute;s all&aacute; de la fotograf&iacute;a. La iniciativa finalizar&aacute; con una <span>breve obra de teatro</span> vinculada al proyecto. Todo ello tendr&aacute; lugar el <span>18 de mayo</span> a las 19:00 horas en el Centro Cultural Montehermoso, la entrada libre hasta completar aforo.</p>
<p>Al d&iacute;a siguiente, el <span>19 de mayo</span>, repite <span>Irene Zottola</span>, pero esta vez en el centro c&iacute;vico Salburua. A las 18:00 horas dirigir&aacute; un <span>taller te&oacute;rico-pr&aacute;ctico titulado</span> <span>&ldquo;La imagen como partitura&rdquo;</span>. En &eacute;l se propone un espacio de experimentaci&oacute;n en torno a la relaci&oacute;n entre imagen, palabra y m&uacute;sica. A trav&eacute;s de un proceso sencillo de creaci&oacute;n visual con t&eacute;cnicas fotogr&aacute;ficas experimentales, las personas participantes trabajar&aacute;n con ideas como el eco, el ritmo, la repetici&oacute;n o el silencio, explorando c&oacute;mo estos elementos pueden trasladarse al lenguaje de la imagen. Es necesaria inscripci&oacute;n previa.</p>
<p>Por &uacute;ltimo y ante el &eacute;xito de la pasada edici&oacute;n, se volver&aacute; a impartir un <span>taller en euskera. </span>Este a&ntilde;o ser&aacute; &ldquo;<span>Kamerarik gabeko argazkigintza</span>&rdquo;, de la mano de <span>Nahikari Mora</span> de Laboratorio Haz. Una actividad experimental de quimigramas y rayogramas donde se registrar&aacute;n huellas de fluidos y objetos a trav&eacute;s de la fotograf&iacute;a anal&oacute;gica y se descubrir&aacute;n paisajes f&iacute;sico-qu&iacute;micos. La cita ser&aacute; el <span>6 de junio</span> a las 11:00h en el centro c&iacute;vico Iparralde y es necesaria inscripci&oacute;n previa.</p>
<p><span>Fechas y lugares:</span></p>
<ul class='lista'>
<li>CC El Pilar 28 de mayo al 17 de junio</li>
<li>CC Salburua 18 al 29 de junio</li>
<li>CC Hegoalde 30 de junio al 13 de julio</li>
<li>CC Zabalgana del 14 al 30 de julio</li>
<li>CC Ibaiondo 31 de julio al 31 de agosto</li>
<li>CC Pilar del 1 al 15 de septiembre</li>
</ul>
<p><em>&nbsp;</em></p>","<p><span><strong>FotoArteren XXI. edizioak</strong></span> ezagutarazi zituen <a href=""https://blogs.vitoria-gasteiz.org/medios/2026/03/27/karlos-egino-olaberen-el-trono-improvisado-lanak-lehenengo-saria-lortu-du-fotoarte-xxi-edizioan/?lang=eu"" target=""_blank"">irabazleen</a> izenak: lehen saria <span>Karlos Egino Olabek</span> eta <span><em>El trono improvisado</em></span> lanak jaso zuten. Orain, saritutako 5 irudiei epaimahaiak hautatutako beste 27 gehituko zaizkie, <span>erakusketa ibiltaria</span> osatzeko. <span>32 argazki</span> horiek gizarte-etxeak zeharkatuko dituzte maiatzaren amaieratik irailera.</p>
<p>Erakusketa <span>maiatzaren 28an</span> inauguratuko da, 19:00etan, <span>Pilar</span> gizarte-etxean, eta Xuxurlaka arpa &amp; uilleann pipe taldearen emanaldia (sarrera librea, tokia bete arte) izango da. Bertan egongo da ekainaren 17ra arte, orduan <span>Salburura</span> joango baita, ekainaren 18tik 29ra. Hurrengo geldialdia <span>Hegoalden</span> egingo du, ekainaren 30etik uztailaren 13ra. Uztailaren 14tik 30era <span>Zabalganara</span> helduko da. Hurrengo geralekua <span>Ibaiondo</span> izango da, uztailaren 31tik abuztuaren 31ra, eta ibilbidea <span>Pilarren</span> amaituko da berriro, irailaren 1etik 15era.</p>
<p>Egitasmoaren programazio osagarriaren barruan, irudiaren munduari buruzko doako jarduerak ere badaude. Lehena <span>&ldquo;Lejos de la tierra: donde llegan imagen y palabra&rdquo;</span> izeneko <span>hitzaldia</span> da, <span>Irene Zottola</span> argazkilari, sortzaile eta hezitzailearen eskutik. Arabako Argazkilari Elkartea FotoArterekin lankidetzan aritu da, Astelehen Fotografikoak zikloaren barruan, artistak <span>&lsquo;Lejos de la tierra&rsquo; </span>bere bigarren liburua aurkez dezan eta azken urteetan bere lanen garapenean lagungarriak izan diren prozesuak, bilaketak eta galderetako batzuk parteka ditzan. Izan ere, horietan guztietan, irudia argazkigintzatik haratago hedatzen da. Proiektuari lotutako <span>antzezlan laburrarekin</span> amaituko da ekimena. Hori guztia <span>maiatzaren 18an</span> izango da, 19:00etan, Montehermoso Kulturunean, eta sarrera librea izango da lekuak bete arte.</p>
<p>Hurrengo egunean, <span>maiatzaren 19an</span>, Irene Zottolak berriro parte hartuko du, baina oraingoan Salburua gizarte-etxean. 18:00etan, <span>&ldquo;La imagen como partitura&rdquo;</span> izeneko<span> tailer teoriko-praktikoa</span> zuzenduko du. Bertan, irudiaren, hitzaren eta musikaren arteko harremanaren inguruko esperimentazio espazioa proposatzen da. Argazkigintzako teknika esperimentalak erabiltzen dituen sorkuntza-prozesu bisual errazaren bidez, parte-hartzaileek oihartzuna, erritmoa, errepikapena edo isiltasuna bezalako ideiekin lan egingo dute, elementu horiek irudiaren hizkuntzara nola eraman daitezkeen aztertuz. Beharrezkoa da aurrez izena ematea.</p>
<p>Azkenik, aurreko edizioaren arrakasta ikusita, tailer bat euskaraz emango da berriro, aurten &ldquo;<span>Kamerarik gabeko argazkigintza&rdquo; </span>izango da, Haz laborategiko <span>Nahikari Mora</span>ren eskutik. Kimigramen eta raiogramen jarduera esperimentala da. Bertan, fluidoen eta objektuen aztarnak erregistratuko dira argazki analogikoaren bidez, eta paisaia fisiko-kimikoak aurkitu. Hitzordua <span>ekainaren 6an</span> izango da, 11:00etan, Iparralde gizarte-etxean, eta aldez aurretik izena eman behar da.</p>
<p><span>Datak eta lekuak</span></p>
<ul class='lista'>
<li>Pilarreko GE: maiatzaren 28tik ekainaren 17ra</li>
<li>Salburuko GE: ekainaren 18tik 29ra</li>
<li>Hegoalde GE: ekainaren 30etik uztailaren 13ra</li>
<li>Zabalganeko GE: uztailaren 14tik 30era</li>
<li>Ibaiondoko GE: uztailaren 31tik abuztuaren 31ra</li>
<li>Pilarreko GE: irailaren 1etik 15era</li>
</ul>",Vitoria-Gasteiz,Vitoria-Gasteiz,42.846718,-2.671635,46,1,Centro Cívico El Pilar,El Pilar Gizarte Etxea,http://www.vitoria-gasteiz.org/we001/was/we001Action.do?aplicacion=wb021&tabla=contenido&idioma=es&uid=entuo_1_11,http://www.vitoria-gasteiz.org/we001/was/we001Action.do?idioma=eu&nuevaPag=&uid=entuo_1_11&aplicacion=wb021&id=&tabla=contenido,Centro Cívico El Pilar,El Pilar Gizarte Etxea,"[{'imageId': '1145697', 'imageFileName': '29.jpg', 'imageUrl': 'https://opendata.euskadi.eus/contenidos/evento/2026052011205098/es_def/images/29.jpg'}]",[],,,,,,,,,,No informado,No informado,No informado,No informado,2026-09-16 00:29:35.281460,No informado
2026052511030798,3,Exposición,Erakusketa,"""FotoArte 2026"" (Exposiciones de la XXI edición de FotoArte)","""FotoArte 2026"" (FotoArteren XXI. edizioko erakusketa)",2026-09-01T00:00:00Z,2026-09-15T00:00:00Z,2026-08-27T13:48:28Z,NA,,,vitoria-gasteiz.org,vitoria-gasteiz.org,https://blogs.vitoria-gasteiz.org/medios/2026/05/07/la-exposicion-de-la-xxi-edicion-de-fotoarte-recorrera-los-centros-civicos-de-vitoria-gasteiz-de-mayo-a-septiembre/,https://blogs.vitoria-gasteiz.org/medios/2026/05/07/fotoarteren-xxi-edizioko-erakusketak-gasteizko-gizarte-etxeak-bisitatuko-ditu-maiatzetik-irailera/?lang=eu,Gratis,Doan,"<p>La <span>XXI edici&oacute;n de FotoArte</span> ya revel&oacute; sus <a href=""https://blogs.vitoria-gasteiz.org/medios/2026/03/27/el-trono-improvisado-de-karlos-egino-olabe-ha-obtenido-el-primer-premio-en-el-xxi-concurso-fotoarte/"" target=""_blank"">ganadores</a> con el primer premio para <span>Karlos Egino Olabe </span>y su obra <span><em>El trono improvisado. </em></span>Ahora a las 5 im&aacute;genes galardonadas, se le suman otras 27 seleccionadas, tambi&eacute;n por el jurado, para constituir una <span>exposici&oacute;n itinerante</span>. <strong>Estas 32 instant&aacute;neas recorrer&aacute;n los centros c&iacute;vicos desde finales de mayo hasta septiembre</strong>.</p>
<p>En concreto se inaugurar&aacute; en <span>28 de mayo</span> a las 19:00 horas en el centro c&iacute;vico <span>El Pilar</span> con la actuaci&oacute;n de el grupo Xuxurlaka arta &amp; uilleann pipe (entrada libre hasta completar aforo). All&iacute; estar&aacute; hasta el 17 de junio cuando se trasladar&aacute; a <span>Salburua</span>, del 18 al 29 de junio. La siguiente parada ser&aacute; <span>Hegoalde</span> donde permanecer&aacute; de 30 de junio al 13 de julio. A Zabalgana llegar&aacute; el 15 de julio para quedarse hasta el 30. Toma el testigo <span>Ibaiondo</span> que la acoger&aacute; del 31 de julio al 31 de agosto y finaliza de nuevo en el <span>Pilar</span> del 1 al 15 de septiembre.</p>
<p>Dentro de la programaci&oacute;n complementaria del certamen tambi&eacute;n se encuentran las actividades gratuitas en torno al mundo de la imagen. La primera es una <span>conferencia</span> titulada <span>&ldquo;Lejos de la tierra: donde llegan imagen y palabra&rdquo;</span> a cargo de la fot&oacute;grafa, creadora y educadora <span>Irene Zottola. </span>La Sociedad Fotogr&aacute;fica Alavesa colabora con FotoArte, en el marco de su ciclo Lunes Fotogr&aacute;ficos,&nbsp; para que la artista presente su segundo libro &lsquo;<span>Lejos de la tierra&rsquo; </span>y comparta procesos, b&uacute;squedas y algunas de las preguntas que han acompa&ntilde;ado el desarrollo de sus trabajos en los &uacute;ltimos a&ntilde;os, en los que la imagen se extiende m&aacute;s all&aacute; de la fotograf&iacute;a. La iniciativa finalizar&aacute; con una <span>breve obra de teatro</span> vinculada al proyecto. Todo ello tendr&aacute; lugar el <span>18 de mayo</span> a las 19:00 horas en el Centro Cultural Montehermoso, la entrada libre hasta completar aforo.</p>
<p>Al d&iacute;a siguiente, el <span>19 de mayo</span>, repite <span>Irene Zottola</span>, pero esta vez en el centro c&iacute;vico Salburua. A las 18:00 horas dirigir&aacute; un <span>taller te&oacute;rico-pr&aacute;ctico titulado</span> <span>&ldquo;La imagen como partitura&rdquo;</span>. En &eacute;l se propone un espacio de experimentaci&oacute;n en torno a la relaci&oacute;n entre imagen, palabra y m&uacute;sica. A trav&eacute;s de un proceso sencillo de creaci&oacute;n visual con t&eacute;cnicas fotogr&aacute;ficas experimentales, las personas participantes trabajar&aacute;n con ideas como el eco, el ritmo, la repetici&oacute;n o el silencio, explorando c&oacute;mo estos elementos pueden trasladarse al lenguaje de la imagen. Es necesaria inscripci&oacute;n previa.</p>
<p>Por &uacute;ltimo y ante el &eacute;xito de la pasada edici&oacute;n, se volver&aacute; a impartir un <span>taller en euskera. </span>Este a&ntilde;o ser&aacute; &ldquo;<span>Kamerarik gabeko argazkigintza</span>&rdquo;, de la mano de <span>Nahikari Mora</span> de Laboratorio Haz. Una actividad experimental de quimigramas y rayogramas donde se registrar&aacute;n huellas de fluidos y objetos a trav&eacute;s de la fotograf&iacute;a anal&oacute;gica y se descubrir&aacute;n paisajes f&iacute;sico-qu&iacute;micos. La cita ser&aacute; el <span>6 de junio</span> a las 11:00h en el centro c&iacute;vico Iparralde y es necesaria inscripci&oacute;n previa.</p>
<p><span>Fechas y lugares:</span></p>
<ul class=""lista"">
<li>CC El Pilar 28 de mayo al 17 de junio</li>
<li>CC Salburua 18 al 29 de junio</li>
<li>CC Hegoalde 30 de junio al 13 de julio</li>
<li>CC Zabalgana del 14 al 30 de julio</li>
<li>CC Ibaiondo 31 de julio al 31 de agosto</li>
<li>CC Pilar del 1 al 15 de septiembre</li>
</ul>
<p><em>&nbsp;</em></p>","<p><span><strong>FotoArteren XXI. edizioak</strong></span> ezagutarazi zituen <a href=""https://blogs.vitoria-gasteiz.org/medios/2026/03/27/karlos-egino-olaberen-el-trono-improvisado-lanak-lehenengo-saria-lortu-du-fotoarte-xxi-edizioan/?lang=eu"" target=""_blank"">irabazleen</a> izenak: lehen saria <span>Karlos Egino Olabek</span> eta <span><em>El trono improvisado</em></span> lanak jaso zuten. Orain, saritutako 5 irudiei epaimahaiak hautatutako beste 27 gehituko zaizkie, <span>erakusketa ibiltaria</span> osatzeko. <span>32 argazki</span> horiek gizarte-etxeak zeharkatuko dituzte maiatzaren amaieratik irailera.</p>
<p>Erakusketa <span>maiatzaren 28an</span> inauguratuko da, 19:00etan, <span>Pilar</span> gizarte-etxean, eta Xuxurlaka arpa &amp; uilleann pipe taldearen emanaldia (sarrera librea, tokia bete arte) izango da. Bertan egongo da ekainaren 17ra arte, orduan <span>Salburura</span> joango baita, ekainaren 18tik 29ra. Hurrengo geldialdia <span>Hegoalden</span> egingo du, ekainaren 30etik uztailaren 13ra. Uztailaren 14tik 30era <span>Zabalganara</span> helduko da. Hurrengo geralekua <span>Ibaiondo</span> izango da, uztailaren 31tik abuztuaren 31ra, eta ibilbidea <span>Pilarren</span> amaituko da berriro, irailaren 1etik 15era.</p>
<p>Egitasmoaren programazio osagarriaren barruan, irudiaren munduari buruzko doako jarduerak ere badaude. Lehena <span>&ldquo;Lejos de la tierra: donde llegan imagen y palabra&rdquo;</span> izeneko <span>hitzaldia</span> da, <span>Irene Zottola</span> argazkilari, sortzaile eta hezitzailearen eskutik. Arabako Argazkilari Elkartea FotoArterekin lankidetzan aritu da, Astelehen Fotografikoak zikloaren barruan, artistak <span>&lsquo;Lejos de la tierra&rsquo; </span>bere bigarren liburua aurkez dezan eta azken urteetan bere lanen garapenean lagungarriak izan diren prozesuak, bilaketak eta galderetako batzuk parteka ditzan. Izan ere, horietan guztietan, irudia argazkigintzatik haratago hedatzen da. Proiektuari lotutako <span>antzezlan laburrarekin</span> amaituko da ekimena. Hori guztia <span>maiatzaren 18an</span> izango da, 19:00etan, Montehermoso Kulturunean, eta sarrera librea izango da lekuak bete arte.</p>
<p>Hurrengo egunean, <span>maiatzaren 19an</span>, Irene Zottolak berriro parte hartuko du, baina oraingoan Salburua gizarte-etxean. 18:00etan, <span>&ldquo;La imagen como partitura&rdquo;</span> izeneko<span> tailer teoriko-praktikoa</span> zuzenduko du. Bertan, irudiaren, hitzaren eta musikaren arteko harremanaren inguruko esperimentazio espazioa proposatzen da. Argazkigintzako teknika esperimentalak erabiltzen dituen sorkuntza-prozesu bisual errazaren bidez, parte-hartzaileek oihartzuna, erritmoa, errepikapena edo isiltasuna bezalako ideiekin lan egingo dute, elementu horiek irudiaren hizkuntzara nola eraman daitezkeen aztertuz. Beharrezkoa da aurrez izena ematea.</p>
<p>Azkenik, aurreko edizioaren arrakasta ikusita, tailer bat euskaraz emango da berriro, aurten &ldquo;<span>Kamerarik gabeko argazkigintza&rdquo; </span>izango da, Haz laborategiko <span>Nahikari Mora</span>ren eskutik. Kimigramen eta raiogramen jarduera esperimentala da. Bertan, fluidoen eta objektuen aztarnak erregistratuko dira argazki analogikoaren bidez, eta paisaia fisiko-kimikoak aurkitu. Hitzordua <span>ekainaren 6an</span> izango da, 11:00etan, Iparralde gizarte-etxean, eta aldez aurretik izena eman behar da.</p>
<p><span>Datak eta lekuak</span></p>
<ul class=""lista"">
<li>Pilarreko GE: maiatzaren 28tik ekainaren 17ra</li>
<li>Salburuko GE: ekainaren 18tik 29ra</li>
<li>Hegoalde GE: ekainaren 30etik uztailaren 13ra</li>
<li>Zabalganeko GE: uztailaren 14tik 30era</li>
<li>Ibaiondoko GE: uztailaren 31tik abuztuaren 31ra</li>
<li>Pilarreko GE: irailaren 1etik 15era</li>
</ul>",Vitoria-Gasteiz,Vitoria-Gasteiz,42.846718,-2.671635,46,1,Centro Cívico El Pilar,El Pilar Gizarte Etxea,http://www.vitoria-gasteiz.org/we001/was/we001Action.do?aplicacion=wb021&tabla=contenido&idioma=es&uid=entuo_1_11,http://www.vitoria-gasteiz.org/we001/was/we001Action.do?idioma=eu&nuevaPag=&uid=entuo_1_11&aplicacion=wb021&id=&tabla=contenido,Centro Cívico El Pilar,El Pilar Gizarte Etxea,"[{'imageId': '1145707', 'imageFileName': '29.jpg', 'imageUrl': 'https://opendata.euskadi.eus/contenidos/evento/2026052511030798/es_def/images/29.jpg'}]",[],,,,,,,,,,No informado,No informado,No informado,No informado,2026-09-16 00:29:35.281460,No informado
2026060109555896,1,Concierto,Kontzertua,Dressed Like Boys,Dressed Like Boys,2026-09-15T00:00:00Z,2026-09-15T00:00:00Z,2026-06-01T09:56:16Z,EN,20:30,20:30,dabadabass.com,dabadabass.com,https://dabadabass.com/eu_ES/event/dressed-like-boys-4118/register,https://dabadabass.com/eu_ES/event/dressed-like-boys-4118/register,15 / 18 €,15 / 18 €,"<p><strong><span class=""hover:entity-accent entity-underline inline cursor-pointer align-baseline"">Dressed Like Boys</span></strong> es un proyecto musical belga de indie pop. Su propuesta combina sonidos contempor&aacute;neos con influencias del pop alternativo, destacando por sus melod&iacute;as cuidadas y sus letras emotivas. Su m&uacute;sica transmite cercan&iacute;a y sensibilidad, creando una identidad art&iacute;stica muy personal.</p>","<p><strong><span class=""hover:entity-accent entity-underline inline cursor-pointer align-baseline"">Dressed Like Boys</span> </strong>Belgikako indie-pop musika proiektua da. Bere abestiek pop modernoaren eta indie soinuaren arteko nahasketa eskaintzen dute, sentikortasunez eta nortasun handiz. Letra pertsonalek eta melodia zainduek entzuleekin lotura berezia sortzen dute.</p>",Donostia / San Sebastián,Donostia / San Sebastián,43.320725,-1.984449,82,20,Dabadaba,Dabadaba,https://dabadabass.com/,https://dabadabass.com/?lang=eu,Dabadaba,Dabadaba,"[{'imageId': '1148359', 'imageFileName': '23.jpg', 'imageUrl': 'https://opendata.euskadi.eus/contenidos/evento/2026060109555896/es_def/images/23.jpg'}]",[],https://dice.fm/partner/tickets/event/bb7n6m-gee-tee-orsini-1st-aug-dabadaba-donostia-san-sebastian-tickets?dice_id=9452499&dice_channel=web&dice_tags=organic&dice_campaign=Guajira+Sicod%C3%A9lica+SL&,https://dice.fm/partner/tickets/event/bb7n6m-gee-tee-orsini-1st-aug-dabadaba-donostia-san-sebastian-tickets?dice_id=9452499&dice_channel=web&dice_tags=organic&dice_campaign=Guajira+Sicod%C3%A9lica+SL&,,,,,,,,No informado,No informado,No informado,No informado,2026-09-16 00:29:35.691243,No informado
2026060409321930,6,Conferencia,Hitzaldia,"Título Euskera* UDAKO IRAKURLE TALDEA: ""Esker onak"" Título Castellano* Club de lectoras: ""Esker onak""","UDAKO IRAKURLE TALDEA: ""Esker onak""",2026-09-15T00:00:00Z,2026-09-15T00:00:00Z,2026-06-04T09:32:33Z,EU,19:00,19:00,lekeitio.com,lekeitio.com,https://www.lekeitio.com/es-ES/Noticias/Documents/20260602-udako-egitaraua.pdf,https://www.lekeitio.com/es-ES/Noticias/Documents/20260602-udako-egitaraua.pdf,,,"<p>Se analizar&aacute; el libro ""<em><strong>Esker onak</strong></em>"" de Delphine de Vigan.</p>
<p><strong>Sinopsis</strong>:</p>
<p>&iquest;Qu&eacute; pasa si perdemos las palabras antes de poder expresar nuestra gratitud? En la novela Esker onak, Delphine de Vigan explora los l&iacute;mites de la memoria y el silencio, en torno a las peque&ntilde;as y grandes deudas almacenadas en la mente. Michka, una anciana, comienza a perder sus palabras y, con ello, se queda sin poder expresar las cosas que surgen en ella. Junto a ella, Marie y J&eacute;r&ocirc;me redescubren el sentido de la vida, en el poder de la gratitud y la belleza de la vulnerabilidad. Marie es vecina de Michka: cuando era peque&ntilde;a y su madre se fue, Michka la cuid&oacute;. J&eacute;r&ocirc;me, por otro lado, es un terapeuta geri&aacute;trico del habla que quiere devolverle, al menos parcialmente, a Michka el habla que est&aacute; perdiendo debido a la afasia. Escrita en un estilo sobrio y sin adornos, esta narrativa a dos voces nos habla de la memoria, el pasado, el envejecimiento, las palabras, la bondad y la gratitud por aquellos que han sido importantes en nuestras vidas. Estos tres personajes inolvidables se entrelazan en este texto conmovedor y tierno, invitando al lector a profundizar en sus vivencias, pregunt&aacute;ndose: &iquest;para qui&eacute;n reservas a&uacute;n tus &uacute;ltimas palabras de agradecimiento?</p>","<p>Delphine de Viganen <em><strong>Esker onak</strong></em> liburua landuko dute.</p>
<p><strong>Sinopsia:</strong></p>
<p>Zer gertatzen da gure esker onak adierazi aurretik hitzak galtzen baditugu? Esker onak eleberrian, Delphine de Viganek oroimenaren eta isiltasunaren ertzak arakatzen ditu, gogoan gordetako zor txiki eta handien inguruan. Michka, adineko emakume bat, hitzak galtzen hasten da, eta horrekin batera, sortzen zaizkionak ezin adieraziz gelditzen da. Bere ondoan, Mariek eta J&eacute;r&ocirc;mek bizitzaren esanahia berriz topatuko dute, esker onaren ahalmenean eta zaurgarritasunaren edertasunean. Michkaren auzoa da Marie: txikia zenean eta bere amak alde egiten zuenean, Michkak zaintzen zuen. J&eacute;r&ocirc;me, berriz, geriatrikoko logopeda da, eta, afasia baten erruz galtzen ari den hizketa, partzialki bada ere, berreskuratu nahi dio Michkari. Estilo neurritsu, apaindura gutxikoan idatzita, bi ahotsetara egindako narrazio honek oroimenaz, iraganaz, zahartzeaz, hitzez, ontasunaz hitz egiten digu, eta gure bizitzetan garrantzitsuak izan zirenekiko esker onaz. Hiru pertsonaia ahaztezin hauek testu hunkigarri eta samur honetan txirikordatuz elkartzen dira, eta irakurlea beren bizipenetan sakontzera gonbidatzen dituzte, galdetuz: norentzat gordetzen dituzu oraindik zure azken hitz esker onekoak?</p>",Lekeitio,Lekeitio,43.365509,-2.503344,206,48,Biblioteca de Lekeitio,Lekeitioko Liburutegia,http://www.lekeitio.com/es-ES/Servicios/Cultura/Paginas/cult_BibliotecaMunicipal.aspx,http://www.lekeitio.com/eu-ES/Zerbitzuak/Kultura/Orrialdeak/cult_BibliotecaMunicipal.aspx,Biblioteca de Lekeitio,Lekeitioko Liburutegia,"[{'imageId': '1149844', 'imageFileName': '22.jpg', 'imageUrl': 'https://opendata.euskadi.eus/contenidos/evento/2026060409321930/es_def/images/22.jpg'}]",[],,,,,,,,,,No informado,No informado,No informado,No informado,2026-09-16 00:29:36.095385,No informado
2026070613575614,6,Conferencia,Hitzaldia,"Presentación de libro: ""TerritOrio remero. Orioko arraunaren historia""","Liburu-aurkezpena: ""TerritOrio remero. Orioko arraunaren historia""",2026-09-15T00:00:00Z,2026-09-15T00:00:00Z,2026-07-09T09:34:26Z,VI,19:00,19:00,orio.eus,orio.eus,https://orio.eus/agenda/liburu-aurkezpena-territorio-remero-orioko-arraunaren-historia/,https://orio.eus/agenda/liburu-aurkezpena-territorio-remero-orioko-arraunaren-historia/,,,"<p>""<span style=""text-decoration: underline;""><strong>Territorio remero. Orioko arraunaren historia</strong></span>"" es un libro escrito por <strong>I&ntilde;aki Iturain</strong> que recoge la historia del remo en Orio, localidad guipuzcoana con una larga tradici&oacute;n en este deporte. La obra ser&aacute; presentada el pr&oacute;ximo 15 de septiembre en la casa de cultura del municipio, dentro de la programaci&oacute;n de actividades de verano organizada por el Ayuntamiento de Orio.</p>","<p>""<em><strong>Territorio remero. Orioko arraunaren historia</strong></em>"" <strong>I&ntilde;aki Iturain</strong>ek idatzitako liburua da, Orioko arraunaren historia jasotzen duena, herri horrek kirol honekin duen tradizio luzea kontuan hartuta. Liburua irailaren 15ean aurkeztuko da herriko kultur etxean, Orioko Udalak antolatutako udako egitarauaren barruan.</p>",Orio,Orio,43.278322,-2.126597,122,20,Casa de cultura de Orio,Orioko Kultur Etxea,http://orio.eus/es/udalaa/udal-zerbitzuak/item/101-kultur-etxea,http://orio.eus/eu/udalaa/udal-zerbitzuak/item/101-kultur-etxea,Casa de cultura de Orio,Orioko Kultur Etxea,"[{'imageId': '1162333', 'imageFileName': 'OrioARrauna500x500.jpg', 'imageUrl': 'https://opendata.euskadi.eus/contenidos/evento/2026070613575614/es_def/images/OrioARrauna500x500.jpg'}]",[],,,,,,,,,,No informado,No informado,No informado,No informado,2026-09-16 00:29:36.509859,No informado
2026070709331984,12,Concurso,Lehiaketa,Concurso de cuentos Julene Azpeitia 2026,Julene Azpeitia ipuin lehiaketa 2026,2026-07-03T00:00:00Z,2026-09-15T00:00:00Z,2026-07-07T09:33:32Z,EU,,,zumaia.eus,zumaia.eus,https://zumaia.eus/eu/albisteak/julene-azpeitia-ipuin-lehiaketan-lanak-aurkez-daitezke-dagoeneko,https://zumaia.eus/eu/albisteak/julene-azpeitia-ipuin-lehiaketan-lanak-aurkez-daitezke-dagoeneko,,,"<p>Idatziaren gaia librea izango da, eta euskara hutsean sortu beharko da. Aurrez argitaratu gabeko lanak jasoko dituzte, gutxienez 6 orrikoak. Irailaren 15era arte jasoko dituzte lanak, udaletxean bertan, posta ziurtatu bidez bidalita edo egoitza elektronikoan erregistratuta. Kasu guztietan eskabide orria bete eta entregatu beharko da.</p>
<p>Zumaiako Udalak izendatutako epaimahaiak hiru sari banatuko ditu: 3.000 euroko saria izango du irabazleak, 1.500 eurokoa emango diote bigarrenari, eta 1.000 euro jasoko ditu Zumaiako lan onenak.&nbsp;</p>
<p>Julene Azpeitia ipuin lehiaketaren 39. edizioa izango da aurtengoa, eta helburua da euskarazko literatur sorkuntza bultzatzea.</p>
<h2>Oinarriak (<a href=""https://zumaia.eus/eu/albisteak/juleneazpeitia2026.pdf"">PDFa hemen</a>):</h2>
<p>1.- Egileak gutxienez 18 urte izan beharko ditu ipuina aurkezten duen egunean, hau da, adinez nagusi direnei zuzenduta dago lehiaketa.</p>
<p>2.- Ipuina euskaraz sortutakoa izango da, teknologiaren laguntzarik gabe, originala eta argitaragabea. Ezingo da aurkeztu beste lehiaketaren batean saririk jaso eta/edo literatura sortzeko laguntzaren bat jasoa duen idazlanik. Ez dira onartuko jatorriz beste hizkuntza batean idatziak izan eta lehiaketarako euskaratu direnak.</p>
<p>3.- Gaia librea izango da, eta ipuinak gutxienez 6 orrialde eduki beharko ditu eta gehienez 15, lerroarte bikoitzarekin idatziak.</p>
<p>4.- Idazlanak, onartua izateko, izenburua bakarrik eramango du agerian eta idazlearen izena ezin izango da inon aipatu. Idazlanarekin batera, NANaren kopia erantsi beharko da eta <a href=""https://zumaia.eus/files/8euskara_hezkuntza/2026/eskaera-julene-2026.pdf"">ESKABIDEA</a> beteta eta sinatuta, idazlanaren izenburua eta egilearen datuak zehaztuta. Epaimahaiko idazkariak izango du datu horiek gordetzeko ardura lan irabazleak ebatzi arte.</p>
<p>5.- Idazlanak udaletxeko Herritarren Arreta Zerbitzuan aurkez daitezke, edo bestela helbide honetara POSTA ZIURTATUZ bidali, Julene Azpeitia 39. ipuin lehiaketarako dela adierazita: Zumaiako Udala. Euskara Zerbitzua. Foruen plaza 1, 20750 Zumaia.</p>
<p>6.- Aukera dago ipuinak telematikoki erregistratzeko ere, tramiteetarako <a href=""https://udal.egoitza.gipuzkoa.eus/WAS/AYTO/USCServicioCiudadanoVer15WEB/home.do?De=EU081128392"" rel=""noopener"" target=""_blank"">egoitza elektronikoan</a>, BakQ edo beste txartel elektronikoren bat erabilita. Kasu horretan lan bakoitzarekin erregistro bat egin beharko da eta ipuinarekin batera eskabidea beteta eta NAN agiriaren kopia erantsi.</p>
<p>7.- Lanak aurkezteko epea irailaren 15ean amaituko da. Sari banaketa garaiz iragarriko da.</p>
<p>8.- Zumaiako Udalak izendatutako epaimahaiak ebatziko du lehiaketa. Epaimahaiko idazkaria Zumaiako Udaleko euskara teknikaria izango da, eta ez du botorik edukiko.<br /><br />9.- Zumaiako Udalak beretzat gordetzen du saritutako lanak argitaratzeko eskubidea, baina argitaratzekotan, epaimahaiak ebazpena eman eta urtebeteko epearen barruan argitaratu behar du, bai bere kabuz, bai beste batzuen bidez. Lehenengo argitalpenaren ustiapen eskubideak Zumaiako Udalarenak izango dira.</p>
<p>10.- Epaimahaiaren ebazpena itzulezina izango da, eta lehiaketa honetan parte hartzeak oinarri hauek onartzen direla esan nahi du.</p>
<p>11.- Sariak eman gabe utzi ahal izango dira, eta finkatutako diru kopuruak zatiezinak izango dira. Idazle bakoitzak ezin izango du sari bat baino gehiago jaso.</p>
<p>12.- Hiru sari emango dira: Lehen saria: 3.000 &euro;; Bigarren saria: 1.500 &euro;; Zumaiako onenaren saria: 1.000 &euro;. Sarien diru kopuruek indarrean dagoen legediak ezarritako atxikipena izango dute.</p>","<p>Idatziaren gaia librea izango da, eta euskara hutsean sortu beharko da. Aurrez argitaratu gabeko lanak jasoko dituzte, gutxienez 6 orrikoak. Irailaren 15era arte jasoko dituzte lanak, udaletxean bertan, posta ziurtatu bidez bidalita edo egoitza elektronikoan erregistratuta. Kasu guztietan eskabide orria bete eta entregatu beharko da.</p>
<p>Zumaiako Udalak izendatutako epaimahaiak hiru sari banatuko ditu: 3.000 euroko saria izango du irabazleak, 1.500 eurokoa emango diote bigarrenari, eta 1.000 euro jasoko ditu Zumaiako lan onenak.&nbsp;</p>
<p>Julene Azpeitia ipuin lehiaketaren 39. edizioa izango da aurtengoa, eta helburua da euskarazko literatur sorkuntza bultzatzea.</p>
<h2>Oinarriak (<a href=""https://zumaia.eus/eu/albisteak/juleneazpeitia2026.pdf"">PDFa hemen</a>):</h2>
<p>1.- Egileak gutxienez 18 urte izan beharko ditu ipuina aurkezten duen egunean, hau da, adinez nagusi direnei zuzenduta dago lehiaketa.</p>
<p>2.- Ipuina euskaraz sortutakoa izango da, teknologiaren laguntzarik gabe, originala eta argitaragabea. Ezingo da aurkeztu beste lehiaketaren batean saririk jaso eta/edo literatura sortzeko laguntzaren bat jasoa duen idazlanik. Ez dira onartuko jatorriz beste hizkuntza batean idatziak izan eta lehiaketarako euskaratu direnak.</p>
<p>3.- Gaia librea izango da, eta ipuinak gutxienez 6 orrialde eduki beharko ditu eta gehienez 15, lerroarte bikoitzarekin idatziak.</p>
<p>4.- Idazlanak, onartua izateko, izenburua bakarrik eramango du agerian eta idazlearen izena ezin izango da inon aipatu. Idazlanarekin batera, NANaren kopia erantsi beharko da eta <a href=""https://zumaia.eus/files/8euskara_hezkuntza/2026/eskaera-julene-2026.pdf"">ESKABIDEA</a> beteta eta sinatuta, idazlanaren izenburua eta egilearen datuak zehaztuta. Epaimahaiko idazkariak izango du datu horiek gordetzeko ardura lan irabazleak ebatzi arte.</p>
<p>5.- Idazlanak udaletxeko Herritarren Arreta Zerbitzuan aurkez daitezke, edo bestela helbide honetara POSTA ZIURTATUZ bidali, <span>Julene Azpeitia 39. ipuin lehiaketarako dela adierazita: Zumaiako Udala. Euskara Zerbitzua. Foruen plaza 1, 20750 Zumaia.</span></p>
<p>6.- Aukera dago ipuinak telematikoki erregistratzeko ere, tramiteetarako <a href=""https://udal.egoitza.gipuzkoa.eus/WAS/AYTO/USCServicioCiudadanoVer15WEB/home.do?De=EU081128392"" rel=""noopener"" target=""_blank"">egoitza elektronikoan</a>, BakQ edo beste txartel elektronikoren bat erabilita. Kasu horretan lan bakoitzarekin erregistro bat egin beharko da eta ipuinarekin batera eskabidea beteta eta NAN agiriaren kopia erantsi.</p>
<p>7.- Lanak aurkezteko epea <span>irailaren 15ean</span> amaituko da. Sari banaketa garaiz iragarriko da.</p>
<p>8.- Zumaiako Udalak izendatutako epaimahaiak ebatziko du lehiaketa. Epaimahaiko idazkaria Zumaiako Udaleko euskara teknikaria izango da, eta ez du botorik edukiko.<br /><br />9.- Zumaiako Udalak beretzat gordetzen du saritutako lanak argitaratzeko eskubidea, baina argitaratzekotan, epaimahaiak ebazpena eman eta urtebeteko epearen barruan argitaratu behar du, bai bere kabuz, bai beste batzuen bidez. Lehenengo argitalpenaren ustiapen eskubideak Zumaiako Udalarenak izango dira.</p>
<p>10.- Epaimahaiaren ebazpena itzulezina izango da, eta lehiaketa honetan parte hartzeak oinarri hauek onartzen direla esan nahi du.</p>
<p>11.- Sariak eman gabe utzi ahal izango dira, eta finkatutako diru kopuruak zatiezinak izango dira. Idazle bakoitzak ezin izango du sari bat baino gehiago jaso.</p>
<p>12.- <span>Hiru sari emango dira: Lehen saria: 3.000 &euro;; Bigarren saria: 1.500 &euro;; Zumaiako onenaren saria: 1.000 &euro;. Sarien diru kopuruek indarrean dagoen legediak ezarritako atxikipena izango dute.</span></p>",Zumaia,Zumaia,43.297258,-2.256848,138,20,,,,,,,"[{'imageId': '1161588', 'imageFileName': '34232432.jpg', 'imageUrl': 'https://opendata.euskadi.eus/contenidos/evento/2026070709331984/es_def/images/34232432.jpg'}]",[],,,,,,,,,,No informado,No informado,No informado,No informado,2026-09-16 00:29:36.919661,No informado
2026072205043848,6,Conferencia,Hitzaldia,"Tertulias literarias: ""Barazkijalea"" (Han Kang)","Literatur solasaldiak: ""Barazkijalea"" (Han Kang)",2026-09-15T00:00:00Z,2026-09-15T00:00:00Z,2026-07-22T10:36:46Z,EU,19:00,19:00,Donostia Kultura,Donostia Kultura,https://www.donostiakultura.eus/es/agenda/barazkijalea-kang,https://www.donostiakultura.eus/eu/agenda/barazkijalea-han-kang,Gratis,Doan,"<p>Tertulia literaria en euskera dinamizada por <a href=""https://eu.wikipedia.org/wiki/I%C3%B1igo_Aranbarri""><strong>I&ntilde;igo Aranbarri</strong></a> sobre el libro&nbsp;<em><strong>Barazkijalea</strong></em>&nbsp;de <a href=""https://es.wikipedia.org/wiki/Han_Kang""><strong>Han Kang</strong></a>.</p>
<p>M&aacute;s informaci&oacute;n sobre la autora y el libro en el dosier adjunto (en euskera).</p>
<p>El libro est&aacute; disponible en las&nbsp;<a href=""https://eu.wikipedia.org/wiki/Barazkijalea_(eleberria)"">bibliotecas de Donostia Kultura</a>.</p>","<p><a href=""https://eu.wikipedia.org/wiki/I%C3%B1igo_Aranbarri""><strong>I&ntilde;igo Aranbarri</strong></a>k gidatutako euskarazko literatur solasaldia<strong>&nbsp;<a href=""https://eu.wikipedia.org/wiki/Han_Kang"">Han Kang</a></strong>&nbsp;idazlearen <a href=""https://eu.wikipedia.org/wiki/Barazkijalea_(eleberria)""><em><strong>Barazkijalea</strong></em></a>&nbsp;liburuaren inguruan.</p>
<p>Idazleari eta liburuari buruzko informazio gehiago atxikitako txostenean irakur daiteke.</p>
<p>Liburua eskuragarri dago <a href=""https://www.liburubila.euskadi.eus/Record/000001735624/Results?loc=locality_B-G0300&amp;lng=eu#holdings"">Donostia Kulturako liburutegietan</a>.</p>",Donostia / San Sebastián,Donostia / San Sebastián,43.320725,-1.984449,82,20,Plaza de la Constitución (Donostia),Konstituzio Plaza (Donostia),,,Plaza de la Constitución (Donostia),Konstituzio Plaza (Donostia),"[{'imageId': '1166683', 'imageFileName': '25.jpg', 'imageUrl': 'https://opendata.euskadi.eus/contenidos/evento/2026072205043848/es_def/images/25.jpg'}]",[],,,,,,,,,,No informado,No informado,No informado,No informado,2026-09-16 00:29:35.691243,No informado
2026072905181960,9,Cine y audiovisuales,Zinema eta ikus-entzunezkoak,Animadeba OFF 2026,Animadeba OFF 2026,2026-09-15T00:00:00Z,2026-09-15T00:00:00Z,2026-07-29T14:13:13Z,VI,19:00,19:00,Donostia Kultura,Donostia Kultura,https://www.santelmomuseoa.eus/index.php?option=com_flexicontent&view=items&id=136&Itemid=8&lang=es&ide=42733,https://www.santelmomuseoa.eus/index.php?option=com_flexicontent&view=items&id=5128&Itemid=8&lang=eu&ide=42731,Gratis,Doan,"<p>Un a&ntilde;o m&aacute;s, San Telmo acoger&aacute; una sesi&oacute;n de <a href=""https://animadeba.com/""><strong>Animadeba</strong>, el Festival Internacional de Animaci&oacute;n de Deba</a>. En esta proyecci&oacute;n se presentar&aacute;n los <strong>cortometrajes de animaci&oacute;n de la secci&oacute;n Nuevos Realizadores EHU</strong>, una secci&oacute;n donde diez cortometrajes de varios pa&iacute;ses dirigidos por directores noveles compiten por el premio otorgado por el jurado. En esta secci&oacute;n podremos encontrar propuestas innovadoras, diferentes y con una visi&oacute;n rompedora.</p>","<p>Aurten ere <a href=""https://animadeba.com/""><strong>Animadeba</strong> &ndash; Debako Nazioarteko Animazio Festibala</a>ren saioa izango dugu San Telmon. Emanaldi honetan aurkeztuko diren film laburrak <strong>Zuzendari Berriak EHU</strong> sailekoak izango dira, eta hainbat herrialdetako hamar film labur lehiatuko dira epaimahaiaren saria eskuratzeko. Atal honetan proposamen berritzaileak, desberdinak eta ikuspegi apurtzailea dutenak izango dira.&nbsp;</p>",Donostia / San Sebastián,Donostia / San Sebastián,43.320725,-1.984449,82,20,Museo San Telmo,San Telmo Museoa,http://www.santelmomuseoa.eus,http://www.santelmomuseoa.eus,Museo San Telmo,San Telmo Museoa,"[{'imageId': '1169865', 'imageFileName': '77.jpg', 'imageUrl': 'https://opendata.euskadi.eus/contenidos/evento/2026072905181960/es_def/images/77.jpg'}]",[],,,,,,,,,,No informado,No informado,No informado,No informado,2026-09-16 00:29:35.691243,No informado
2026072909220527,4,Danza,Dantza,"Maitaldia 2026: ""IOI""","Maitaldia 2026: ""IOI""",2026-09-15T00:00:00Z,2026-09-15T00:00:00Z,2026-07-29T09:22:48Z,NA,,,Haatik Dantza Konpainia,Haatik Dantza Konpainia,https://www.instagram.com/p/DbVcjk5CKhg/?img_index=5,https://www.instagram.com/p/DbVcjk5CKhg/?img_index=5,,,"<p>Con la intenci&oacute;n de reivindicar el uso de la calle, el protagonismo recae en el sonido. Convirtiendo el espacio p&uacute;blico en un espacio de celebraci&oacute;n y encuentro.</p>
<div class=""event-detail__content-raw"">
<p>El espacio sonoro se crea en directo, a la vista del p&uacute;blico.</p>
<p>El m&uacute;sico, &ldquo;dibuja&rdquo; cada escena. Su color y tono, se convierten en gu&iacute;a de la escena, transformando cada momento.</p>
<p>El sistema de megafon&iacute;a incorporada en la escenograf&iacute;a, se convierte en instrumento de difusi&oacute;n para reforzar la m&uacute;sica para que los bailarines, exploren el espacio, el movimiento y las relaciones entre los cuerpos desde la cercan&iacute;a con el p&uacute;blico.</p>
<p><strong>Ficha art&iacute;stica:&nbsp;</strong></p>
<ul class=""lista"">
<li>Direcci&oacute;n y producci&oacute;n: Aiert Beobide Eta Iurre Aranburu</li>
<li>Coreograf&iacute;a: Jone San Mart&iacute;n Y Haatik</li>
<li>Espacio Sonoro: Manu Gaigne</li>
<li>Bailarinas/nes: Jon Arsuaga, Libe Sukia, Amaiur Luluaga, Nagore Zabala, I&ntilde;igo Etxeberria, Leire Romero, Izaro Urreztarazu</li>
<li>Escenograf&iacute;a: Ikerne Gim&eacute;nez</li>
<li>Vestuario: Ram&oacute;n Garc&iacute;a</li>
<li>Imagen Gr&aacute;fica y Comunicaci&oacute;n: Iurre Aranburu</li>
<li>Servicios T&eacute;cnicos: Eragin Stac</li>
</ul>
<p>&nbsp;</p>
<p><iframe src=""https://player.vimeo.com/video/1130872806?badge=0&amp;amp;autopause=0&amp;amp;player_id=0&amp;amp;app_id=58479"" width=""320"" height=""240""></iframe></p>
</div>","<p>Kalearen erabilera aldarrikatzeko asmoz, soinuak hartzen du protagonismoa. Espazio publikoa ospakizun eta topaketarako gune bihurtuz.</p>
<div class=""event-detail__content-raw"">
<p>Soinu-espazioa zuzenean, ikusleen aurrean sortzen da. Musikaria, agertokian bertan, eszena bakoitzari bere kolorea eta tonua marraztuz, eszenaren jabe bihurtzen da, une bakoitza gidatuz eta eraldatuz.</p>
<p>Bozgorailuek&mdash;megafoniakoak, musika eta ahotsa indartzeko bezainbeste, kolektibotasuna eta ospakizuna zabaltzeko tresna direnak&mdash;joko-esparru bizidun bihurtzen dira. Dantzarien eskuetan, espazioa zeharkatu eta unea partekatzeko gonbite bihurtzen dira.</p>
<p><strong>Fitxa artistikoa:&nbsp;</strong></p>
<ul class=""lista"">
<li>Zuzendaritza eta Ekoizpena: Aiert Beobide Eta Iurre Aranburu</li>
<li>Koreografia: Jone San Mart&iacute;n Eta Haatik</li>
<li>Espazio Sonoroa: Manu Gaigne</li>
<li>Dantzariak: Jon Arsuaga, Libe Sukia, Amaiur Luluaga, Nagore Zabala, I&ntilde;igo Etxeberria, Leire Romero, Izaro Urreztarazu</li>
<li>Eskenografia: Ikerne Gim&eacute;nez</li>
<li>Jantzitegia: Ram&oacute;n Garc&iacute;a</li>
<li>Irudia eta Komunikazioa: Iurre Aranburu</li>
<li>Zerbitzu teknikoak: Eragin Stac</li>
</ul>
<p>&nbsp;</p>
<p><iframe src=""https://player.vimeo.com/video/1130872806?badge=0&amp;amp;autopause=0&amp;amp;player_id=0&amp;amp;app_id=58479"" width=""320"" height=""240""></iframe></p>
</div>",Biarritz,Biarritz,43.4816474915,-1.55913102627,579,-3,Casino Municipal de Biarritz - Salle du Théâtre,Casino Municipal de Biarritz - Salle du Théâtre,http://www.biarritz.fr,http://www.biarritz.fr,Casino Municipal de Biarritz - Salle du Théâtre,Casino Municipal de Biarritz - Salle du Théâtre,"[{'imageId': '1169424', 'imageFileName': '32432.jpg', 'imageUrl': 'https://opendata.euskadi.eus/contenidos/evento/2026072909220527/es_def/images/32432.jpg'}]",[],,,Haatik Dantza Konpainia,Haatik Dantza Konpainia,,,,,,No informado,No informado,No informado,No informado,2026-09-16 00:29:37.329145,No informado
2026081319383445,2,Teatro,Antzerkia,Fiestas de Sangüesa-Zangoza 2026: Marte & Venus,Zangozako Jaiak 2026: Marte & Venus,2026-09-15T00:00:00Z,2026-09-15T00:00:00Z,2026-08-14T13:11:28Z,ES,12:30,12:30,,,,,Gratis,Doakoa,,,Sangüesa/Zangoza,Sangüesa/Zangoza,42.565808,-1.251831,491,31,Casa de Cultura Palacio de Vallesantoro (Sangüesa),Vallesantoro Jauregiko Kultur Etxea (Zangotza),http://www.sanguesacultura.es/palacio-vallesantoro/casa-de-cultura/,http://www.sanguesacultura.es/eu/palacio-vallesantoro/casa-de-cultura/,Casa de Cultura Palacio de Vallesantoro (Sangüesa),Vallesantoro Jauregiko Kultur Etxea (Zangotza),"[{'imageId': '1173072', 'imageFileName': '324324.jpg', 'imageUrl': 'https://opendata.euskadi.eus/contenidos/evento/2026081319383445/es_def/images/324324.jpg'}]",[],,,,,,,,,,No informado,No informado,No informado,No informado,2026-09-16 00:29:37.739056,No informado
2026081710530508,9,Cine y audiovisuales,Zinema eta ikus-entzunezkoak,"Kresala Zinekluba: ""El pisito""","Kresala Zinekluba: ""El pisito""",2026-09-15T00:00:00Z,2026-09-15T00:00:00Z,2026-08-17T10:53:17Z,ES,19:30,19:30,kresalazinekluba.com,kresalazinekluba.com,https://kresalazinekluba.com/2026/08/13/iraila-septiembre/,https://kresalazinekluba.com/2026/08/13/iraila-septiembre/,5 €,5 €,"<div class=""wp-block-media-text is-stacked-on-mobile"">
<div class=""wp-block-media-text__content"">
<div class=""wp-block-media-text is-stacked-on-mobile"">
<div class=""wp-block-media-text__content"">
<p class=""has-text-align-justify wp-block-paragraph""><span>Rodolfo y Petrita llevan doce a&ntilde;os de relaciones. Para casarse necesitan un piso y no hay forma de encontrarlo. Rodolfo vive realquilado en casa de do&ntilde;a Martina, una anciana que est&aacute; a punto de morir, cosa que el casero est&aacute; esperando para poder desalojar la vivienda y derribar el edificio. Algunos amigos aconsejan a Rodolfo una soluci&oacute;n heroica: casarse con do&ntilde;a Martina y esperar lo poco que le queda de vida para heredar el alquiler. En principio, se resiste, pero cada vez con menos fuerza.</span></p>
</div>
</div>
</div>
</div>","<div class=""wp-block-media-text is-stacked-on-mobile"">
<div class=""wp-block-media-text is-stacked-on-mobile"">
<p class=""has-text-align-justify wp-block-paragraph""><span>Rodolfok eta Petritak hamabi urte daramate harremanetan. Ezkontzeko pisu bat behar dute eta ez dago aurkitzeko modurik. Rodolfo berralokatuta bizi da Martina andrearen etxean, hiltzear dagoen emakume zahar baten etxean. Etxejabea hil dadin zain dago etxebizitza hustu eta eraikina eraitsi ahal izateko. Lagun batzuek irtenbide heroiko bat aholkatzen diote Rodolfori: Martina andrearekin ezkondu eta hura hil arte itxaron ostean, alokairua oinordetzan hartu. Hasiera batean ideiari aurre egiten dio, baina gero eta indar gutxiagorekin.</span></p>
</div>
</div>",Donostia / San Sebastián,Donostia / San Sebastián,43.320725,-1.984449,82,20,Cines Trueba,Cines Trueba,,,Cines Trueba,Cines Trueba,"[{'imageId': '1173442', 'imageFileName': '19.jpg', 'imageUrl': 'https://opendata.euskadi.eus/contenidos/evento/2026081710530508/es_def/images/19.jpg'}]",[],https://entradium.com/es/events/el-pisito.widget,https://entradium.com/es/events/el-pisito.widget,,,,,,,,No informado,No informado,No informado,No informado,2026-09-16 00:29:35.691243,No informado
2026082708201970,1,Concierto,Kontzertua,Raul Perez Quartet,Raul Perez Quartet,2026-09-15T00:00:00Z,2026-09-15T00:00:00Z,2026-08-27T08:20:31Z,VS,20:00 - 22:00,20:00 - 22:00,altxerri.com,altxerri.com,https://altxerri.com/,https://altxerri.com/,5 €,5 €,"<p><strong>Ra&uacute;l P&eacute;rez Quartet</strong> actuar&aacute; el 15 de septiembre.</p>
<ul class='lista'>
<li>Alejandro Mingot, guitarra</li>
<li>Ra&uacute;l P&eacute;rez, piano</li>
<li>Maren Seijo, bater&iacute;a</li>
<li>Nora Carrami&ntilde;ana, voz</li>
</ul>","<p>Irailaren 15ean, <strong>Raul Perez Quartet</strong> arituko da</p>
<ul class='lista'>
<li>Alejandro Mingot, gitarra</li>
<li>Ra&uacute;l P&eacute;rez, pianoa</li>
<li>Maren Seijo, bateria</li>
<li>Nora Carrami&ntilde;ana, ahotsa</li>
</ul>",Donostia / San Sebastián,Donostia / San Sebastián,43.320725,-1.984449,82,20,Altxerri Jazz Club,Altxerri Jazz Club,https://www.instagram.com/altxerribar/,https://www.instagram.com/altxerribar/,Altxerri Jazz Club,Altxerri Jazz Club,"[{'imageId': '1176990', 'imageFileName': '54.jpg', 'imageUrl': 'https://opendata.euskadi.eus/contenidos/evento/2026082708201970/es_def/images/54.jpg'}]",[],,,,,,,,,,No informado,No informado,No informado,No informado,2026-09-16 00:29:35.691243,No informado
2026090109081362,3,Exposición,Erakusketa,Expodistrito 2026: AGRUPACIÓN VASCA DE ACUARELISTAS,Expodistrito 2026: EUSKAL AKUARELARIEN ELKARTEA,2026-09-01T00:00:00Z,2026-09-15T00:00:00Z,2026-09-01T09:08:25Z,NA,,,Ayuntamiento de Bilbao,Bilboko Udala,https://www.bilbao.eus/cs/Satellite?c=BIO_Noticia_FA&cid=1279250212658&language=es&pageid=3000075248&pagename=Bilbaonet/BIO_Noticia_FA/BIO_Noticia,https://www.bilbao.eus/cs/Satellite?c=BIO_Noticia_FA&cid=1279250212658&language=es&pageid=3000075248&pagename=Bilbaonet/BIO_Noticia_FA/BIO_Noticia,Gratis,Doan,"<p>El <strong>Ayuntamiento de Bilbao</strong> organiza de nuevo el ciclo de exposiciones temporales descentralizadas <a href=""https://kulturabarrutik.eus/eu/programa/expodistrito-2024-septiembre-noviembre/"">EXPODISTRITO</a>. A partir de este mes de septiembre comienza una nueva edici&oacute;n de este programa en la que se ofrecer&aacute; propuestas de <strong>fotograf&iacute;a y artes pl&aacute;sticas</strong>.</p>
<p>Los y las artistas participantes en estas muestras son: <strong>Anna Surinyach </strong>(fotograf&iacute;a); <strong>Agus Morales </strong>(poemas); <strong>Mengyin Wang </strong>(pintura); <strong>Sheila Gonz&aacute;lez Azcona </strong>(fotograf&iacute;a); <strong>Adela Blanco </strong>(pintura); <strong>Miguel &Aacute;ngel V&aacute;zquez </strong>(escultura); participantes en las muestras del K2 de Somera durante la d&eacute;cada de los 80 (fotograf&iacute;a); y la <strong>Agrupaci&oacute;n Vasca de Acuarelistas </strong>(pintura<strong>)</strong>. Adem&aacute;s, incluye una exposici&oacute;n dedicada a <strong>Miguel de Unamuno</strong> y su relaci&oacute;n con la ciencia, organizada por la Unidad de Cultura Cient&iacute;fica y de la Innovaci&oacute;n y Casa Museo Unamuno, la Universidad de Salamanca, y el Ayuntamiento de Bilbao; y una muestra-homenaje a <strong>Pablo Picasso</strong>&nbsp;&nbsp;centrada en las obras que un destacado grupo de artistas pl&aacute;sticos, m&uacute;sicos y poetas aport&oacute; en su centenario en los a&ntilde;os 70 y que actualmente forman parte de los fondos de la <strong>Fundaci&oacute;n Blas de Otero</strong>.</p>
<p>Este trimestre EXPODISTRITO ofrecer&aacute; tres exposiciones centradas en revelar distintos aspectos de la historia de Bilbao. La primera de ellas es la dedicada a las las casas de ferroviarios de la barriada de Zabala en su 100 aniversario (1926/2026). La segunda es una exposici&oacute;n de fotograf&iacute;as de los a&ntilde;os 40, 50 y 60 del pasado siglo, que muestran la evoluci&oacute;n de los chalets de Landera en Santutxu. Por &uacute;ltimo, se conmemora el centenario del grupo de monta&ntilde;a ALDATZ GORA con una exposici&oacute;n de fotograf&iacute;as que ofrecen un repaso por la historia de este hist&oacute;rico grupo de monta&ntilde;a bilba&iacute;no.</p>
<p>Desde el martes, <strong>1 de septiembre,</strong> y hasta el <strong>5 de enero de 2027</strong>, los Centros Municipales de los barrios bilbainos acoger&aacute;n las exposiciones que forman parte de este ciclo. En esta nueva entrega, los vecinos y vecinas de la Villa podr&aacute;n disfrutar de las propuestas art&iacute;sticas de Expodistrito en los Centros Municipales de <strong>San Inazio-Ibarrekolanda, Casta&ntilde;os, Otxarkoaga, Bego&ntilde;a, Santutxu, San Francisco, La Bolsa, Abando y Errekalde</strong>.</p>
<p>Todas las exposiciones ser&aacute;n de <strong>acceso gratuito</strong> y podr&aacute;n visitarse <strong>en horario de ma&ntilde;ana y tarde</strong>. El programa completo puede consultarse en <a href=""http://www.kulturabarrutik.eus/"">www.kulturabarrutik.eus</a>.</p>
<h3 class=""largo""><strong>AGRUPACI&Oacute;N VASCA DE ACUARELISTAS</strong></h3>
<p>La exposici&oacute;n colectiva recoge una selecci&oacute;n de obras realizadas por alumnos y alumnas de los talleres de acuarela de la Agrupaci&oacute;n Vasca de Acuarelistas-Euskal Akuarelarien Elkartea. Durante la formaci&oacute;n las y los estudiantes han contado con la gu&iacute;a de profesionales como Carlos Espiga, Julio Gomena, Irene de Madrazo, Idoia Lasagabaster, Noem&iacute; Gonz&aacute;lez y Mendo.</p>
<ul class=""lista"">
<li>1-15 septiembre / Centro Municipal Abando</li>
</ul>
<p><strong>&nbsp;</strong></p>","<p><strong>Bilboko Udalak </strong>aldi baterako erakusketa deszentralizatuen <a href=""https://kulturabarrutik.eus/eu/programa/expodistrito-2024-septiembre-noviembre/"">EXPODISTRITO</a> ziklo berria antolatu du beste behin. Era horretan, irailetik aurrera, programa honen edizio berri bat hasiko da, eta <strong>argazkigintzako eta arte plastikoetako </strong>proposamenak eskainiko dira.</p>
<p>Erakusketa horietan honako artista hauek parte hartuko dute: <strong>Anna Surinyach </strong>(argazkia); <strong>Agus Morales </strong>(poemak); <strong>Mengyin Wang </strong>(pintura); <strong>Sheila Gonzalez Azcona </strong>(argazkia); <strong>Adela Blanco </strong>(pintura); <strong>Miguel Angel Vazquez </strong>(eskultura); 80ko hamarkadan Somerako K2 erakusketetan parte hartu zutenak (argazkia); eta <strong>Euskal Akuarelarien Elkartea </strong>(pintura<strong>)</strong>. Halaber, <strong>Miguel de Unamunori </strong>eta zientziarekin zuen harremanari eskainitako erakusketa bat egongo da, Kultura Zientifikoko eta Berrikuntzako Unitateak eta Unamuno Museo Etxeak, Salamancako Unibertsitateak eta Bilboko Udalak antolatua; eta <strong>Pablo Picassori </strong>eskainitako omenaldi-erakusketa bat, artista plastiko, musikari eta poeten talde nabarmen batek 70eko hamarkadan haren mendeurrenean egindako ekarpenetan oinarritua, gaur egun <strong>Blas de Otero Fundazioaren</strong> funtsen parte direnak.</p>
<p>Hiruhileko honetan, EXPODISTRITO programak hiru erakusketa eskainiko ditu, Bilboko historiaren hainbat alderdi erakusteko: Lehenengoa Zabala auzuneko tren-etxeei eskainitakoa da, 100. urteurrenean (1926/2026). Bigarrena 40, 50 eta 60ko hamarkadetako argazkien erakusketa bat da, eta Santutxuko Landerako txaleten bilakaera erakusten dute. Azkenik, ALDATZ GORA mendi-taldearen mendeurrena ospatuko da, Bilboko mendi-talde historiko horren historia errepasatzen duen argazki-erakusketarekin.</p>
<p><strong>Irailaren 1ean, </strong>asteartea, hasi eta <strong>2027ko urtarrilaren 5era </strong>bitarte, Bilboko auzoetako Udaltegietan ziklo horren barruko erakusketak eskainiko dira. Atal berri honetan, Hiriko bizilagunek Expodistritoren proposamen artistikoak ikusgai izango dituzte auzo hauetako Udaltegietan: <strong>San Inazio-Ibarrekolanda, Casta&ntilde;os, Otxarkoaga, Bego&ntilde;a, Santutxu, San Frantzisko, La Bolsa, Abando eta Errekalde</strong>.</p>
<p>Erakusketa guztiak <strong>doakoak</strong> izango dira, eta <strong>goizez eta arratsaldez </strong>bisitatu ahal izango dira. Programa osoa helbide honetan kontsulta daiteke: <a href=""http://www.kulturabarrutik.eus/"">www.kulturabarrutik.eus</a>.</p>
<h3 class=""largo""><strong>EUSKAL AKUARELARIEN ELKARTEA</strong></h3>
<p>Erakusketa kolektiboan, Euskal Akuarelarien Elkarteko akuarela-tailerretako ikasleek egindako obra batzuk ikus ahal izango dira. Prestakuntzan zehar, ikasleek Carlos Espiga, Julio Gomena, Irene de Madrazo, Idoia Lasagabaster, Noem&iacute; Gonzalez eta Mendo bezalako profesionalen laguntza izan dute.</p>
<ul class=""lista"">
<li>Irailak 1-15 / Abando Udaltegia</li>
</ul>
<p>tzen duen web gunean&nbsp; (<a href=""http://www.kulturabarrutik.eus/"">www.kulturabarrutik.eus</a>) eta 010 telefonora deituta kontsultatu ahal izango dira.</p>",Bilbao,Bilbao,43.256963,-2.923441,167,48,Centro Municipal de Abando (Barrainkua),Abandoko Udaltegia (Barrainkua),http://www.bilbao.eus/cs/Satellite?c=BIO_Equipamiento_FA&cid=3000471065&language=es&pageid=3000026558&pagename=Bilbaonet%2FBIO_Equipamiento_FA%2FBIO_Equipamiento,http://www.bilbao.eus/cs/Satellite?c=BIO_Equipamiento_FA&cid=3000471134&language=eu&pageid=3000026558&pagename=Bilbaonet%2FBIO_Equipamiento_FA%2FBIO_Equipamiento,Centro Municipal de Abando (Barrainkua),Abandoko Udaltegia (Barrainkua),"[{'imageId': '1177841', 'imageFileName': '232.jpg', 'imageUrl': 'https://opendata.euskadi.eus/contenidos/evento/2026090109081362/es_def/images/232.jpg'}]",[],,,,,,,,,,No informado,No informado,No informado,No informado,2026-09-16 00:29:34.871708,No informado
2026090110282488,2,Teatro,Antzerkia,"Eszena Kalera 2026: ""La última y nos vamos""","Eszena Kalera 2026: ""La última y nos vamos""",2026-09-15T00:00:00Z,2026-09-15T00:00:00Z,2026-09-01T10:28:38Z,ES,18:00,18:00,Ayuntamiento de Bilbao,Bilboko Udala,https://kulturabarrutik.eus/programa/eszena-kalera-2026/,https://kulturabarrutik.eus/eu/programa/eszena-kalera-2026-2/,Gratis,Doan,"<p>Dentro de la programaci&oacute;n de <strong><a href=""https://www.kulturklik.euskadi.eus/evento/2026/09/02/programa-eszena-kalera-2026/webkklik00-detalle/es/"" target=""_blank"">Eszena Kalera 2026</a>.</strong></p>
<p>Con motivo de la despedida de <a href=""https://trapuzaharra.com/repertorio/la-ultima-y-nos-vamos/"" target=""_blank"">Trapu Zaharra</a>, la compa&ntilde;&iacute;a representar&aacute; el espect&aacute;culo de teatro de calle <em><strong>La&nbsp;&uacute;ltima y nos vamos</strong></em>.</p>
<p>Un c&oacute;mico callejero en horas bajas decide pasarse al teatro de sala. En esta intentona se juntar&aacute; con una actriz de teatro cl&aacute;sico a la que propondr&aacute; montar&nbsp;<em>Cinco horas sin Mario</em>. Para recaudar fondos, organizar&aacute;n un crowfunding representando en la calle tres escenas del nuevo proyecto.</p>
<p><strong>Ficha art&iacute;stica:</strong></p>
<ul class=""lista"">
<li>Int&eacute;rpretes: <strong>Santi Ugalde, Vega Iguaran</strong></li>
<li>Direcci&oacute;n: <strong>Espe L&oacute;pez</strong></li>
<li>Guion: <strong>Rub&eacute;n Ontiveros y Santi Ugalde</strong></li>
<li>Vestuario: <strong>Toya, Junkal L&oacute;pez</strong></li>
<li>Dise&ntilde;o: <strong>Txema Rivera</strong></li>
<li>Atrezzo: <strong>Artola</strong></li>
<li>Distribuci&oacute;n: <strong>Trapu Zaharra</strong></li>
<li>Fotograf&iacute;a: <strong>I&ntilde;aki Erquicia</strong></li>
<li>V&iacute;deo: <strong>Alex Casas</strong></li>
<li>T&eacute;cnica: <strong>Ane Zabala</strong></li>
</ul>","<p><a href=""https://www.kulturklik.euskadi.eus/ekitaldia/2026/09/02/eszena-kalera-2026-egitaraua/webkklik00-detalle/eu/"" target=""_blank""><strong>2026ko Eszena Kalera</strong></a> jaialdiaren barne.</p>
<p><a href=""https://trapuzaharra.com/eu/repertorio/azkena-eta-bagoaz/"" target=""_blank"">Trapu Zaharra</a>ren agurra dela eta,&nbsp;<strong><em>La &uacute;ltima y nos vamos</em></strong>&nbsp;kale antzezlana taularatuko du taldeak.</p>
<p>Kaleko komiko batek antzokira aldatzea erabaki du behe-orduetan. Saio honetan, antzerki klasikoko aktore batekin elkartuko da, eta&nbsp;<em>Cinco horas sin Mario</em>&nbsp;muntatzea proposatuko du. Dirua biltzeko crowfunding bat antolatuko du proiektu berriaren hiru eszena kalean irudikatuz.</p>
<p><strong>Fitxa artistikoa:</strong></p>
<ul class=""lista"">
<li>Antzezleak: <strong>Santi Ugalde, Vega Iguaran</strong></li>
<li>Zuzendaritza: <strong>Espe L&oacute;pez</strong></li>
<li>Gidoia: <strong>Rub&eacute;n Ontiveros, Santi Ugalde</strong></li>
<li>Jantziak: <strong>Toya, Junkal L&oacute;pez</strong></li>
<li>Diseinua: <strong>Txema Rivera</strong></li>
<li>Atrezzo: <strong>Artola</strong></li>
<li>Banaketa: <strong>Trapu Zaharra</strong></li>
<li>Argazkiak: <strong>I&ntilde;aki Erquicia</strong></li>
<li>Bideoa: <strong>Alex Casas</strong></li>
<li>Teknikaria: <strong>Ane Zabala</strong></li>
</ul>",Bilbao,Bilbao,43.256963,-2.923441,167,48,,,,,,,"[{'imageId': '1177964', 'imageFileName': '16.jpg', 'imageUrl': 'https://opendata.euskadi.eus/contenidos/evento/2026090110282488/es_def/images/16.jpg'}]",[],,,Trapu Zaharra,Trapu Zaharra,"Plaza San Pedro, Deustu","San Pedro plaza, Deustu",,,,No informado,No informado,No informado,No informado,2026-09-16 00:29:34.871708,No informado
2026090110303935,2,Teatro,Antzerkia,"Eszena Kalera 2026: ""Argilunak"" + ""Zuloa""","Eszena Kalera 2026: ""Argilunak"" + ""Zuloa""",2026-09-15T00:00:00Z,2026-09-15T00:00:00Z,2026-09-01T10:30:52Z,NA,19:00,19:00,Ayuntamiento de Bilbao,Bilboko Udala,https://kulturabarrutik.eus/programa/eszena-kalera-2026/,https://kulturabarrutik.eus/eu/programa/eszena-kalera-2026-2/,Gratis,Doan,"<p>Dentro de la programaci&oacute;n de <strong><a href=""https://www.kulturklik.euskadi.eus/evento/2026/09/02/programa-eszena-kalera-2026/webkklik00-detalle/es/"" target=""_blank"">Eszena Kalera 2026</a>.</strong></p>
<ul class='lista'>
<li>Duraci&oacute;n: 25 + 20 min</li>
</ul>
<p><em><strong>Argilunak:</strong></em> actuaci&oacute;n callejera interdisciplinar que ha surgido de un proceso de duelo. Se basa en una profunda reflexi&oacute;n sobre los diversos l&iacute;mites que podemos encontrar en la vida: f&iacute;sicos, sociales, ling&uuml;&iacute;sticos y culturales.</p>
<p><em><strong>Zuloa: </strong></em>pieza que da voz a las historias secretas de las mujeres y a la memoria colectiva. Pone en movimiento las melod&iacute;as del cuerpo, bailando sobre la cinta. En la frontera entre espectacularidad y vulnerabilidad, propone un viaje po&eacute;tico entre equilibrio y fortaleza.</p>
<p>&nbsp;</p>","<p><a href=""https://www.kulturklik.euskadi.eus/ekitaldia/2026/09/02/eszena-kalera-2026-egitaraua/webkklik00-detalle/eu/"" target=""_blank""><strong>2026ko Eszena Kalera</strong></a> jaialdiaren barne.</p>
<ul class='lista'>
<li><span>Iraupena:</span><span> 25 + 20 min</span></li>
</ul>
<p><em><strong>Argilunak: </strong></em>diziplinarteko kale emanaldi bat da, dolu-prozesu batetik sortu dena. Bizitzan aurki ditzakegun askotariko mugei buruzko hausnarketa sakona du oinarri.</p>
<p><em><strong>Zuloa:</strong></em> emakumeen isilpeko istorioei eta oroimen kolektiboari ahotsa ematen dien pieza da. Gorputzaren doinuak mugimenduan jartzen ditu, zintaren gainean dantzatuz. Ikusgarritasunaren eta zaurgarritasunaren arteko mugan, oreka eta sendotasunaren arteko bidaia poetikoa proposatzen du.</p>",Bilbao,Bilbao,43.256963,-2.923441,167,48,Plaza del Karmelo,Karmelo Plaza,,,Plaza del Karmelo,Karmelo Plaza,"[{'imageId': '1177966', 'imageFileName': '23.jpg', 'imageUrl': 'https://opendata.euskadi.eus/contenidos/evento/2026090110303935/es_def/images/23.jpg'}]",[],,,Komorebi Produkzioak,Komorebi Produkzioak,,,,,,No informado,No informado,No informado,No informado,2026-09-16 00:29:34.871708,No informado
2026090211162187,16,Fiestas,Jaiak,Programa Fiestas de Sansomendi 2026 (Gasteiz),Sansomendiko Jaiak 2026: egitaraua (Gasteiz),2026-09-09T00:00:00Z,2026-09-15T00:00:00Z,2026-09-02T11:17:07Z,,,,Sansomendiko Jaiak,Sansomendiko Jaiak,https://www.instagram.com/p/DcrTwJaDSyA/,https://www.instagram.com/p/DcrTwJaDSyA/?img_index=2,Gratis,Doan,"<p>Las fiestas de Sansomendi 2026, en Vitoria-Gasteiz, se celebrar&aacute;n <strong>del 9 al 15 de septiembre</strong>.</p>
<ul class=""lista"">
<li><a href=""https://www.instagram.com/p/DcrTwJaDSyA/"" target=""_blank""><strong>Programa Fiestas de Sansomendi 2026 (Vitoria-Gasteiz)</strong></a></li>
</ul>","<p>Gasteizko Sansomendi auzoko 2026ko jaiak <strong>irailaren 9tik 15era</strong> ospatuko dira.</p>
<ul class=""lista"">
<li><a href=""https://www.instagram.com/p/DcrTwJaDSyA/?img_index=2"" target=""_blank""><strong>Sansomendiko Jaiak 2026: egitaraua (Gasteiz)</strong></a></li>
</ul>",Vitoria-Gasteiz,Vitoria-Gasteiz,42.846718,-2.671635,46,1,,,,,,,"[{'imageId': '1179093', 'imageFileName': '29.jpg', 'imageUrl': 'https://opendata.euskadi.eus/contenidos/evento/2026090211162187/es_def/images/29.jpg'}]",[],,,,,Sansomendi,Sansomendi,,,,No informado,No informado,No informado,No informado,2026-09-16 00:29:35.281460,No informado
2026090405011601,15,Otro,Bestelakoa,"Arriskuan dagoen ondarea, Baionako adibide bat: Marracq-eko gazteluaren hondakinen zaintzea","Arriskuan dagoen ondarea, Baionako adibide bat: Marracq-eko gazteluaren hondakinen zaintzea",2026-09-15T00:00:00Z,2026-09-15T00:00:00Z,2026-09-04T05:01:27Z,FR,18:30,18:30,EKE,EKE,https://www.eke.eus/eu/agenda/arriskuan-dagoen-ondarea-baionako-adibide-bat-marracq-eko-gazteluaren-hondakinen-zaintzea,https://www.eke.eus/eu/agenda/arriskuan-dagoen-ondarea-baionako-adibide-bat-marracq-eko-gazteluaren-hondakinen-zaintzea,,,,,Bayonne,Baiona,43.493343207,-1.4747428894,568,-3,,,,,,,[],[],,,,,,,0,,,No informado,No informado,No informado,No informado,2026-09-16 00:29:38.148739,No informado
2026090411463585,6,Conferencia,Hitzaldia,"Presentación de libro: ""Casa"" (Alejandro Palomas)","Liburu-aurkezpena: ""Casa"" (Alejandro Palomas)",2026-09-15T00:00:00Z,2026-09-15T00:00:00Z,2026-09-15T14:32:59Z,ES,19:00,19:00,bilbaokultura.eus,bilbaokultura.eus,https://www.bilbao.eus/cs/Satellite?c=BIO_Noticia_FA&cid=1279250309775&language=es&pageid=3000075248&pagename=Bilbaonet/BIO_Noticia_FA/BIO_Noticia,https://www.bilbao.eus/cs/Satellite?c=BIO_Noticia_FA&cid=1279250309775&language=eu&pageid=3000075248&pagename=Bilbaonet/BIO_Noticia_FA/BIO_Noticia,Gratis,Doan,"<p><span>El espacio </span><strong>Bidebarrieta Kulturgunea</strong><span> del Ayuntamiento de Bilbao acoge durante el mes de septiembre la presentaci&oacute;n de los libros de </span><strong>Katixa Agirre, Alejandro Palomas, Santiago Roncagliolo, Rosa Montero, Xabi Uribe-Etxebarria, Elena Medel y C&eacute;sar Gellida</strong><span>. Los encuentros, que tendr&aacute;n lugar </span><strong>los d&iacute;as 14, 15, 17, 21, 23, 24 y 28 de septiembre </strong><span>respectivamente, comenzar&aacute;n a las </span><strong>19:00 horas </strong><span>y se podr&aacute;n seguir por </span><a href=""https://www.youtube.com/channel/UCi67MwU0l-OEMpxY7e3XrkA"" target=""_blank"">streaming</a><span>.</span></p>
<ul class='lista'>
<li><strong>15 de </strong><strong>septiembre</strong><strong>, martes.</strong> <strong>&ldquo;<em>Casa</em>&rdquo;</strong>, de <strong>Alejandro Palomas. </strong>El escritor conversar&aacute; con la periodista<strong> Elena Sierra.</strong></li>
</ul>
<p>Esta novela &iacute;ntima y luminosa gira en torno a la familia, la memoria y los v&iacute;nculos entre generaciones. La historia sigue a Mika, una ni&ntilde;a de siete a&ntilde;os, y a su abuelo, unidos por una relaci&oacute;n especial que les permite mirar el mundo desde un lugar diferente, mientras los adultos intentan ordenar sus propias vidas. A trav&eacute;s de preguntas aparentemente sencillas, silencios, recuerdos y peque&ntilde;os gestos cotidianos, el autor reflexiona sobre aquello que permanece cuando el tiempo pasa: el amor, la memoria, la naturaleza y las huellas que dejamos en quienes queremos.</p>
<p><strong>Alejandro Palomas</strong> (Barcelona, 1967) es escritor, traductor y profesor de talleres literarios, y una de las voces m&aacute;s reconocibles de la narrativa espa&ntilde;ola contempor&aacute;nea. Licenciado en Filolog&iacute;a Inglesa y con un m&aacute;ster en Po&eacute;tica por el New College de San Francisco, comenz&oacute; su trayectoria literaria con &ldquo;El tiempo del coraz&oacute;n&rdquo; (2002), a la que siguieron novelas como &ldquo;El secreto de los Hoffman&rdquo;, &ldquo;El alma del mundo&rdquo;, &ldquo;Una madre&rdquo;, &ldquo;Un perro&rdquo;, &ldquo;Un amor&rdquo; y &ldquo;Aza&ntilde;a. Los que vivieron&rdquo;, adem&aacute;s de diversos libros de poes&iacute;a y literatura infantil y juvenil. Ha recibido reconocimientos como el Premio Nacional de Literatura Infantil y Juvenil por &ldquo;Un hijo&rdquo; (2016) y el Premio Nadal por &ldquo;Un amor&rdquo; (2018), y sus libros han sido traducidos a numerosos idiomas.</p>","<p><span>Bilboko Udalaren </span><strong>Bidebarrieta Kulturgunean</strong><span> honako hauen liburuen aurkezpenak egingo dira irailean: </span><strong>Katixa Agirre, Alejandro Palomas, Santiago Roncagliolo, Rosa Montero, Xabi Uribe-Etxebarria, Elena Medel eta Cesar Gellida</strong><span>. Topaketak </span><strong>irailaren 14, 15, 17, 21, 23, 24 eta 28an </strong><span>&nbsp;izango dira, hurrenez hurren, </span><strong>19:00etan </strong><span>hasiko dira, eta </span><a href=""https://www.youtube.com/channel/UCi67MwU0l-OEMpxY7e3XrkA"" target=""_blank"">streaming</a><span> bidez jarraitu ahal izango dira.</span></p>
<ul class='lista'>
<li><strong>Irailak 15, asteartea. Alejandro Palomasen </strong><strong>&ldquo;<em>Casa</em>&rdquo;. </strong>Idazleak <strong>Elena Sierra </strong>kazetariarekin hitz egingo du.</li>
</ul>
<p>Nobela intimo eta argitsu hau familiari, memoriari eta belaunaldien arteko loturei buruzkoa da. Mika, zazpi urteko neskatoaren, eta haren aitonaren inguruko istorioa kontatzen da. Munduari beste leku batetik begiratzeko aukera ematen dien harreman bereziak elkartzen ditu biak, helduak beren bizitzak ordenatzen saiatzen diren bitartean. Itxuraz sinpleak diren galderen, isiltasunen, oroitzapenen eta eguneroko keinu txikien bidez, autoreak denbora igarotzen denean irauten duen horri buruzko hausnarketa egiten du: maitasuna, memoria, natura eta nahi dugunengan uzten ditugun aztarnak.</p>
<p><strong>Alejandro Palomas</strong> (Bartzelona, 1967) idazlea, itzultzailea eta literatura-tailerretako irakaslea da, Espainiako narratiba garaikideko ahots ezagunenetako bat. Ingeles Filologian lizentziatu zen, eta San Frantziskoko New College eskolan Poetika masterra egin zuen. Literatura-ibilbidea &ldquo;El tiempo del coraz&oacute;n&rdquo; (2002) liburuarekin hasi zuen, eta, ondoren, &ldquo;El secreto de los Hoffman&rdquo;, &ldquo;El alma del mundo&rdquo;, &ldquo;Una madre&rdquo;, &ldquo;Un perro&rdquo;, &ldquo;Un amor&rdquo; eta &ldquo;Aza&ntilde;a&rdquo;. Los que vivieron&rdquo; eleberriak etorri ziren, poesiako eta haur eta gazte literaturako beste hainbat liburuz gain. Haur eta Gazte Literaturako Sari Nazionala jaso zuen &ldquo;Un hijo&rdquo; lanarengatik (2016) eta Nadal Saria &ldquo;Un amor&rdquo; (2018) eleberriarengatik. Haren liburuak hizkuntza askotara itzuli dira.</p>",Bilbao,Bilbao,43.256963,-2.923441,167,48,Bidebarrieta Kulturgunea,Bidebarrieta Kulturgunea,http://www.facebook.com/BidebarrietaKulturgunea,http://www.facebook.com/BidebarrietaKulturgunea,Bidebarrieta Kulturgunea,Bidebarrieta Kulturgunea,[],[],,,,,,,1,https://www.youtube.com/@BidebarrietaKulturgunea,https://www.youtube.com/@BidebarrietaKulturgunea,No informado,No informado,No informado,No informado,2026-09-16 00:29:34.871708,No informado
2026090712513712,6,Conferencia,Hitzaldia,"Presentación de libro: ""Conexiones""","Liburu-aurkezpena: ""Conexiones""",2026-09-15T00:00:00Z,2026-09-15T00:00:00Z,2026-09-07T15:17:25Z,ES,19:00,19:00,kmk.gipuzkoa.eus,kmk.gipuzkoa.eus,https://kmk.gipuzkoa.eus/es/agenda/evento?entryId=89303226&utm_source=newsletter&utm_medium=email&utm_campaign=kmk_2026_09_07,https://www.donostiakultura.eus/eu/agenda/expolio-inmatriculaciones-iglesia,Gratis,Doan,"<p>Presentaci&oacute;n de libro organizada por Koldo Mitxelena Kulturunea:</p>
<ul class=""lista"">
<li><strong><em>Conexiones </em></strong>(Gustavo Ariel Schwartz)</li>
</ul>
<p><strong><em>Conexiones</em> </strong>plantea una aventura de exploraci&oacute;n que enreda las ciencias y las humanidades. Nos proponemos aqu&iacute; explorar la complejidad de la experiencia humana. O al menos, esa parte de la complejidad que se manifiesta en forma de arte, literatura o ciencia. Comprender c&oacute;mo funciona el cerebro nos puede ayudar a comprender el arte y la literatura. Y al mismo tiempo, la literatura y el arte pueden convertirse en ventanas por las que acceder al funcionamiento del cerebro. Exploraremos, a lo largo de este libro, estas rutas que unen las ciencias y las humanidades (recorridas en ambos sentidos), como as&iacute; tambi&eacute;n las regiones fronterizas entre disciplinas.</p>
<p>Gustavo Ariel Schwartz es f&iacute;sico, escritor y ""mestizante"", doctorado en f&iacute;sica en la Universidad de Buenos Aires. Ha realizado estancias de investigaci&oacute;n en diversos pa&iacute;ses y, actualmente, es cient&iacute;fico titular del C.S.I.C. y desarrolla su actividad investigadora en el Centro de F&iacute;sica de Materiales de Donostia-San Sebasti&aacute;n. Es fundador y director del Programa <em>Mestizajes</em>, en el Donostia International Physics Center, cuyo prop&oacute;sito consiste en explorar y transitar las fronteras entre Arte, Ciencia y Humanidades. En 2016 coordin&oacute; el proyecto audiovisual <em>Realidad Conexa</em> y en 2017 coedit&oacute; la obra colectiva <em>#Nodos</em>, en la que cerca de cien cient&iacute;ficos, escritores, artistas y pensadores de todo el mundo exploran las posibilidades del conocimiento transdisciplinar.</p>
<p>Participan: <span>Gustavo Ariel Schwartz</span>; <span>Luisa Etxenike</span>.</p>","<p>Koldo Mitxelena Kulturuneak antolatutako liburu aurkezpena:</p>
<ul class=""lista"">
<li><em><strong>Conexiones</strong> </em>(Gustavo Ariel Schwartz)</li>
</ul>
<p><em>Conexiones</em> lanak zientziak eta humanitateak nahasten dituen esplorazio-abentura bat planteatzen digu. Giza esperientziaren konplexutasuna aztertuko dugu hemen. Edo, gutxienez, arte, literatura edo zientzia gisa adierazten den konplexutasunaren zati hori. Garunak nola funtzionatzen duen ulertzeak artea eta literatura ulertzen lagun diezaguke. Eta, aldi berean, literatura eta artea garunaren funtzionamendura iristeko leiho bihur daitezke. Liburu honetan zientziak eta humanitateak (bi noranzkoetan) lotzen dituzten ibilbide horiek aztertuko ditugu, bai eta diziplinen arteko eskualde mugakideak ere.</p>
<p>Gustavo Ariel Schwartz fisikoa, idazlea eta ""mestizatzailea"" da. Fisikan doktoratu zen Buenos Airesko Unibertsitatean eta ikerketa-egonaldiak hainbat herrialdietan egin ditu; gaur egun, C.S.I.C.-eko zientzialari titularra da, eta Donostiako Materialen Fisikako Zentroan egiten du ikerketa-lana. <em>Mestizajes</em> programaren sortzailea eta zuzendaria da Donostia International Physics Center-en. Programa horren helburua artearen, zientziaren eta humanitateen arteko mugak esploratzea eta urratzea da. 2016an, <em>Realidad Conexa</em> ikus-entzunezko proiektua koordinatu zuen, eta 2017an <em>#Nodos</em> lan kolektiboa argitaratu zuen. Azken lan horretan, diziplinaz gaindiko ezagutzaren aukerak aztertzen dituzte mundu osoko ehun zientzialari, idazle, artista eta pentsalari inguruk.</p>
<p>Partaideak: <span>Gustavo Ariel Schwartz</span>; <span>Luisa Etxenike</span>.</p>",Donostia / San Sebastián,Donostia / San Sebastián,43.320725,-1.984449,82,20,Salón de actos KMK (Convento de Santa Teresa),KMK ekitaldi aretoa (Santa Teresa komentua),https://kmk.gipuzkoa.eus/es/agenda,https://kmk.gipuzkoa.eus/es/agenda,Salón de actos KMK (Convento de Santa Teresa),KMK ekitaldi aretoa (Santa Teresa komentua),"[{'imageId': '1180646', 'imageFileName': '46.jpg', 'imageUrl': 'https://opendata.euskadi.eus/contenidos/evento/2026090712513712/es_def/images/46.jpg'}]",[],,,,,,,,,,No informado,No informado,No informado,No informado,2026-09-16 00:29:35.691243,No informado
2026090713033919,2,Teatro,Antzerkia,"Fiestas de Galdakao 2026: ""Gota""","Galdakaoko Jaiak 2026: ""Gota""",2026-09-15T00:00:00Z,2026-09-15T00:00:00Z,2026-09-07T13:04:00Z,NA,18:00,18:00,galdakao.eus,galdakao.eus,https://www.galdakao.eus/Documentos/AreaDescargas/2000246/Santakurtzak2026_egitaraua_ONLINE.pdf,https://www.galdakao.eus/Documentos/AreaDescargas/2000246/Santakurtzak2026_egitaraua_ONLINE.pdf,Gratis,Doan,"<p><source type=""image/webp"" srcset=""https://www.vitoria-gasteiz.org/docs/wb021/img/gestor/20/48/gi_92048.webp"" media=""(min-width: 750px)"" /></p>
<div>
<p>Dentro de las<strong> <a href=""https://www.kulturklik.euskadi.eus/evento/2026/09/11/programa-fiestas-de-galdakao-2026/webkklik00-detalle/es/"" target=""_blank"">Fiestas Santakurtzak 2026 de Galdakao</a></strong>.</p>
<p><span>Premio MAX 2026 a Mejor Espect&aacute;culo de calle</span><br /><span>Premio Mejor Espect&aacute;culo de Calle FETEN 2026</span></p>
<p>Clown y magia. Edad: +4 a&ntilde;os</p>
<p>Bajo un techo de nubes, en la calle un cubo recoge el agua que no cae del cielo. La lluvia ha desparecido y ahora solo nos queda el recuerdo donde la ficci&oacute;n y la magia se sumergen en un goteo constante de enga&ntilde;os teatrales. Unas gotas imaginarias se convierten en ritmos constantes de sorpresa, revelando una coreograf&iacute;a de imaginaci&oacute;n y fantas&iacute;a que lleva a esta creatividad a jugar con el absurdo. Una taza que aparece, un fluir de monedas inquietas en los bolsillos y cucharas que no dejan de surgir a borbotones de las mangas.</p>
<p>Gota es una propuesta de calle donde la magia nouvelle y el clown contempor&aacute;neo van unidos. Manipulaci&oacute;n de objetos, teatro f&iacute;sico y comicidad en un silencio que habla con un lenguaje po&eacute;tico, sensible y p&iacute;caro.</p>
<ul class=""lista"">
<li>Creaci&oacute;n: Yves Sheriff</li>
<li>Direcci&oacute;n: Leandre Ribera</li>
<li>Payaso: Txema Mu&ntilde;oz</li>
<li>Visi&oacute;n externa: Claire Ducreux</li>
<li>Banda sonora original: Lluis Alba</li>
<li>Vestuario: Judith Dress Art.</li>
<li>Procedencia: Catalu&ntilde;a</li>
</ul>
</div>","<div><a href=""https://www.kulturklik.euskadi.eus/ekitaldia/2026/09/11/galdakaoko-jaiak-2026-egitaraua/webkklik00-detalle/eu/"" target=""_blank""><strong>Galdakaoko 2026ko Santakurtzetako jaien</strong></a> barne.</div>
<div><source type=""image/webp"" srcset=""https://www.vitoria-gasteiz.org/docs/wb021/img/gestor/20/48/gi_92048.webp"" media=""(min-width: 750px)"" />
<div>
<p><span>-MAX 2026 saria kaleko ikuskizun onenari</span><br /><span>-FETEN 2026 Kaleko Ikuskizun Onenaren Saria</span></p>
<p>Klown eta magia. Adina: +4 urte</p>
</div>
</div>
<div>
<p>Hodeien sabaiaren azpian, kalean ontzi bat ura biltzen ari da. Ur hori ez dator, ordea, zerutik. Euria desagertu da, eta jada ez zaigu haren oroitzapena besterik geratzen: fikzioa eta magia sartzen zaizkigu tartean, etangabeko antzerki-engainuen artean, tantaz tanta. Irudizko tanta horiek harridurazko etengabeko erritmo bihurtuko dira. Hala, irudizko eta fantasiazko koreografia bat sortuko dute, sormenari eraginez, absurdoarekin jolasteko. Bat-batean agertutako kikara bat, poltsikoko txanpon urdurien txin-txina, eta mahuketatik ateratako koilara-parrasta geraezin bat.</p>
<p>Gota kale-proposamen bat da, non magia nouvelle eta clown garaikidea elkarturik doazen. Objektuen manipulazioa, antzerki fisikoa eta komikotasuna hizkuntza poetiko, sentikor eta pikaro batez hitz egiten duen isiltasun batean.</p>
<ul class=""lista"">
<li><strong>Sorkuntza</strong><span>: Yves Sheriff</span></li>
<li><strong>Zuzendaritza</strong><span>: Leandre Ribera</span></li>
<li><strong>Pailazoa</strong><span>: Txema Mu&ntilde;oz</span></li>
<li><strong>Kanpoko ikuspegia</strong><span>: Claire Ducreux</span></li>
<li><strong>Jatorrizko soinu-banda</strong>: Lluis Alba</li>
<li><strong>Jantzia</strong>: Judith Dress Art.</li>
<li><span><strong>Jatorria</strong><span>: Catalu&ntilde;a</span></span></li>
</ul>
</div>",Galdakao,Galdakao,43.221425,-2.813527,183,48,,,,,,,"[{'imageId': '1180680', 'imageFileName': '43.jpg', 'imageUrl': 'https://opendata.euskadi.eus/contenidos/evento/2026090713033919/es_def/images/43.jpg'}]",[],,,TXEMA MUÑOZ,TXEMA MUÑOZ,Santi Brouard plaza,Santi Brouard plaza,,,,No informado,No informado,No informado,No informado,2026-09-16 00:29:38.558074,No informado
2026090713053978,1,Concierto,Kontzertua,Fiestas de Galdakao 2026: Acordes navarros,Galdakaoko Jaiak 2026: Acordes navarros,2026-09-15T00:00:00Z,2026-09-15T00:00:00Z,2026-09-07T13:05:53Z,,19:00,19:00,galdakao.eus,galdakao.eus,https://www.galdakao.eus/Documentos/AreaDescargas/2000246/Santakurtzak2026_egitaraua_ONLINE.pdf,https://www.galdakao.eus/Documentos/AreaDescargas/2000246/Santakurtzak2026_egitaraua_ONLINE.pdf,Gratis,Doan,"<p><source type=""image/webp"" srcset=""https://www.vitoria-gasteiz.org/docs/wb021/img/gestor/20/48/gi_92048.webp"" media=""(min-width: 750px)"" /></p>
<div>
<p>Dentro de las<strong> <a href=""https://www.kulturklik.euskadi.eus/evento/2026/09/11/programa-fiestas-de-galdakao-2026/webkklik00-detalle/es/"" target=""_blank"">Fiestas Santakurtzak 2026 de Galdakao</a></strong>.</p>
<p><span>&nbsp;</span></p>
</div>","<div><a href=""https://www.kulturklik.euskadi.eus/ekitaldia/2026/09/11/galdakaoko-jaiak-2026-egitaraua/webkklik00-detalle/eu/"" target=""_blank""><strong>Galdakaoko 2026ko Santakurtzetako jaien</strong></a> barne.</div>
<div><source type=""image/webp"" srcset=""https://www.vitoria-gasteiz.org/docs/wb021/img/gestor/20/48/gi_92048.webp"" media=""(min-width: 750px)"" />
<div>
<p><span>&nbsp;</span></p>
</div>
</div>",Galdakao,Galdakao,43.221425,-2.813527,183,48,,,,,,,"[{'imageId': '1180689', 'imageFileName': 'an.jpg', 'imageUrl': 'https://opendata.euskadi.eus/contenidos/evento/2026090713053978/es_def/images/an.jpg'}]",[],,,,,Kurtzeko plaza,Kurtzeko plaza,,,,No informado,No informado,No informado,No informado,2026-09-16 00:29:38.558074,No informado
2026090713072689,2,Teatro,Antzerkia,"Fiestas de Galdakao 2026: ""Haritik Tiraka""","Galdakaoko Jaiak 2026: ""Haritik Tiraka""",2026-09-15T00:00:00Z,2026-09-15T00:00:00Z,2026-09-08T08:41:13Z,EU,19:00,19:00,galdakao.eus,galdakao.eus,https://www.galdakao.eus/Documentos/AreaDescargas/2000246/Santakurtzak2026_egitaraua_ONLINE.pdf,https://www.galdakao.eus/Documentos/AreaDescargas/2000246/Santakurtzak2026_egitaraua_ONLINE.pdf,Gratis,Doan,"<div>
<p>Dentro de las<strong> <a href=""https://www.kulturklik.euskadi.eus/evento/2026/09/11/programa-fiestas-de-galdakao-2026/webkklik00-detalle/es/"" target=""_blank"">Fiestas Santakurtzak 2026 de Galdakao</a></strong>.</p>
</div>
<div>Edad: + 8 a&ntilde;os</div>
<p>Ser&aacute; la historia entre una protagonista que se muda y la mujer que viv&iacute;a en la casa.</p>
<p>La nueva chica que llega al barrio conocer&aacute; la vida de la mujer y nos contar&aacute; sobre su d&iacute;a a d&iacute;a, viendo y valorando el simple acto cotidiano de hacer recados como un gesto lleno de poes&iacute;a.</p>
<p>Los objetos hablar&aacute;n y llenar&aacute;n de valor y significado la sencilla tarea diaria de hacer recados.</p>","<p><a href=""https://www.kulturklik.euskadi.eus/ekitaldia/2026/09/11/galdakaoko-jaiak-2026-egitaraua/webkklik00-detalle/eu/"" target=""_blank""><strong>Galdakaoko 2026ko Santakurtzetako jaien</strong></a> barne.</p>
<p>Adina: +8 urte</p>
<p>Mudantza batean dagoen protagonistaren eta etxean bizi zen emakumearen arteko istorioa da.</p>
<p>Auzora datorren neska berriak emakumearen bizitza ezagutu eta bere eguneroko bizimodua kontatuko digu, mandatuak egitea poesiaz betetako ekintza modura ikusiz eta horri garrantzia emanez.</p>
<p>Objektuek hitz egingo dute eta mandatuak egitearen eguneroko ekintza sinplea balioz eta esanahiz beteko dute.</p>",Galdakao,Galdakao,43.221425,-2.813527,183,48,,,,,,,"[{'imageId': '1180696', 'imageFileName': '40.jpg', 'imageUrl': 'https://opendata.euskadi.eus/contenidos/evento/2026090713072689/es_def/images/40.jpg'}]",[],,,Bitsa Konpainia,Bitsa Konpainia,Zabalgane plaza,Zabalgane plaza,,,,No informado,No informado,No informado,No informado,2026-09-16 00:29:38.558074,No informado
2026090807310084,15,Otro,Bestelakoa,Apertura del 36º ciclo anual de las Tertulias Poéticas de los Martes en Bilbao,Astearteetako Solasaldi Poetikoen urteko 36. zikloaren irekiera Bilbon,2026-09-15T00:00:00Z,2026-09-15T00:00:00Z,2026-09-08T14:57:17Z,ES,19:00 a 20:30,19:00 a 20:30,,,,,Gratis,Doan,"<p>La organizaci&oacute;n informa:</p>
<p><em>Apertura del 36&ordm; ciclo anual de las Tertulias Po&eacute;ticas de los Martes en Bilbao.</em></p>
<p><em>A las 19:00 horas del martes 15 de septiembre de 2026 y en el Centro C&iacute;vico 'La Bolsa' de la calle Pelota n&ordm;10 del Casco Viejo de Bilbao, las Tertulias Po&eacute;ticas de los Martes en Bilbao iniciar&aacute;n su 36&ordm; ciclo anual, correspondiente al curso 2026-2027, con la acostumbrada entrada libre y abierta a la participaci&oacute;n de quienes deseen disfrutar de la Poes&iacute;a en Compa&ntilde;&iacute;a.</em></p>
<p><em>Jornada 1.182 del total de las convocadas por la Asociaci&oacute;n Art&iacute;stica Vizca&iacute;na desde el inicio de este singular periplo po&eacute;tico, iniciado el 18 de febrero de 1992 en el legendario Caf&eacute; Boulevard, que ser&aacute; introducida por la contertulia Aurora Bolzoni y que se dedicar&aacute; a conmemorar que ""los &Aacute;rboles y la Poes&iacute;a se celebran en el mismo d&iacute;a"", el 21 de marzo, en que tiene lugar el equinoccio de Primavera en el Hemisferio Norte.</em></p>
<p><em>Una iniciativa con la que busca subrayar la trascendental importancia de la Poes&iacute;a y de los &Aacute;rboles para garantizar nuestra supervivencia emocional y biol&oacute;gica, y que consistir&aacute; en la recitaci&oacute;n de algunos de los miles de poemas dedicados a los &Aacute;rboles a lo largo de los tiempos.</em></p>","<p>La organizaci&oacute;n informa:</p>
<p><em>Apertura del 36&ordm; ciclo anual de las Tertulias Po&eacute;ticas de los Martes en Bilbao.</em></p>
<p><em>A las 19:00 horas del martes 15 de septiembre de 2026 y en el Centro C&iacute;vico 'La Bolsa' de la calle Pelota n&ordm;10 del Casco Viejo de Bilbao, las Tertulias Po&eacute;ticas de los Martes en Bilbao iniciar&aacute;n su 36&ordm; ciclo anual, correspondiente al curso 2026-2027, con la acostumbrada entrada libre y abierta a la participaci&oacute;n de quienes deseen disfrutar de la Poes&iacute;a en Compa&ntilde;&iacute;a.</em></p>
<p><em>Jornada 1.182 del total de las convocadas por la Asociaci&oacute;n Art&iacute;stica Vizca&iacute;na desde el inicio de este singular periplo po&eacute;tico,&nbsp;iniciado el 18 de febrero de 1992 en el legendario Caf&eacute; Boulevard, que ser&aacute; introducida por la contertulia Aurora Bolzoni y que se dedicar&aacute; a conmemorar que ""los &Aacute;rboles y la Poes&iacute;a se celebran en el mismo d&iacute;a"", el 21 de marzo, en que tiene lugar el equinoccio de Primavera en el Hemisferio Norte.</em></p>
<p><em>Una iniciativa con la que busca subrayar la trascendental importancia de la Poes&iacute;a y de los &Aacute;rboles para garantizar nuestra supervivencia emocional y biol&oacute;gica, y que consistir&aacute; en la recitaci&oacute;n de algunos de los miles de poemas dedicados a los &Aacute;rboles a lo largo de los tiempos.</em></p>",Bilbao,Bilbao,43.256963,-2.923441,167,48,Centro Municipal de Ibaiondo (Palacio Yohn - La Bolsa),Ibaiondoko Udaltegia (Yohn Jauregia - La Bolsa),http://www.bilbao.eus/cs/Satellite?c=BIO_Equipamiento_FA&cid=3003621864&language=es&pageid=3000026558&pagename=Bilbaonet%2FBIO_Equipamiento_FA%2FBIO_Equipamiento,http://www.bilbao.eus/cs/Satellite?c=BIO_Equipamiento_FA&cid=3003622610&language=eu&pageid=3000026558&pagename=Bilbaonet%2FBIO_Equipamiento_FA%2FBIO_Equipamiento,Centro Municipal de Ibaiondo (Palacio Yohn - La Bolsa),Ibaiondoko Udaltegia (Yohn Jauregia - La Bolsa),"[{'imageId': '1181467', 'imageFileName': '2026090807310084tertuliascartellabolsaF17888454609019232686.jpg', 'imageUrl': 'https://opendata.euskadi.eus/contenidos/evento/2026090807310084/es_def/images/2026090807310084tertuliascartellabolsaF17888454609019232686.jpg'}]",[],,,,,,,,,,No informado,No informado,No informado,No informado,2026-09-16 00:29:34.871708,No informado
2026090814005115,9,Cine y audiovisuales,Zinema eta ikus-entzunezkoak,"""Álava en movimiento""","""Araba Mugimenduan""",2026-09-15T00:00:00Z,2026-09-15T00:00:00Z,2026-09-08T14:01:05Z,,19:00,19:00,arkabia.eus,arkabia.eus,https://arkabia.eus/evento/alava-en-movimiento-2/,https://arkabia.eus/evento/alava-en-movimiento-2/,Gratis (con invitación),Doan (gonbidapenarekin),"<p>Vuelve una segunda temporada de &Aacute;lava en Movimiento con nuevas im&aacute;genes in&eacute;ditas filmadas en el territorio alav&eacute;s y/o por personas de &Aacute;lava. En esta ocasi&oacute;n, dos nuevas pel&iacute;culas in&eacute;ditas de la colecci&oacute;n del Seminario Alav&eacute;s de Etnograf&iacute;a. &laquo;Ung&uuml;entos caseros&raquo; (1979) <span>describe c&oacute;mo de forma puntual, restringida a algunas casas, se mantuvo la tradici&oacute;n de hacer cremas o ung&uuml;entos. En este caso es el &laquo;ung&uuml;ento de las pelucas&raquo; en Ob&eacute;curi, una reliquia de la medicina popular que ha llegado hasta el siglo XX.</span> La segunda pel&iacute;cula es &laquo;Tornero de Ballesta&raquo;, donde se recoge el funcionamiento de una actividad artesana singular, la torner&iacute;a de ballesta. En Santa Cruz estuvo bastante extendida, pero a finales de los 80 ya s&oacute;lo quedaba un artesano.</p>
<p>Para esta sesi&oacute;n contamos con una invitada de lujo, la cantante Miren Narbaiza, MICE (nombre de su proyecto musical), que musicalizar&aacute; el programa en directo.</p>
<p>Agradecemos la cesi&oacute;n de im&aacute;genes al Seminario Alav&eacute;s de Etnograf&iacute;a as&iacute; como al Archivo de &Aacute;lava. Las im&aacute;genes han sido digitalizadas por Clara S&aacute;nchez Dehesa.</p>","<p>Araba mugimenduan programaren bigarren denboraldia heldu da, Arabako lurraldean filmatutako eta/edo Arabako pertsonek grabatutako irudi ezezagun berriekin. Oraingo honetan, Arabako Etnografia Mintegiaren bildumako orain arte argitaratu gabeko bi film ere. &ldquo;Etxeko ukenduak&rdquo; (1979) lanean azaltzen da nola, etxe gutxi batzuetara mugatuta eta modu puntualean, kremak eta ukenduak egiteko ohiturari eutsi zitzaion. Kasu honetan, Obekurin egiten zen &ldquo;ileordeen ukendua&rdquo; da protagonista; herri-medikuntzaren aztarna baliotsu bat, XX. mendera arte iraun zuena. Bigarren filma, Ballesta-torneroa, artisau-jarduera berezi baten funtzionamendua erakusten duen dokumentua da: ballesta-torneritza. Santa Cruzen oso zabalduta egon zen jarduera hau, baina 1980ko hamarkadaren amaieran artisau bakarra baino ez zen geratzen.</p>
<p>Saio honetan luxuzko gonbidatua izango dugu: Miren Narbaiza abeslaria, MICE bere musika-proiektuaren izenez ezaguna. Berak zuzenean musikaz jantziko du emanaldia.</p>
<p>Eskerrak eman nahi dizkiegu Arabako Etnografia Mintegiari eta Arabako Artxiboari irudiak lagatzeagatik. Irudiak Clara S&aacute;nchez Dehesak digitalizatu ditu.</p>",Vitoria-Gasteiz,Vitoria-Gasteiz,42.846718,-2.671635,46,1,Arkabia,Arkabia,https://arkabia.eus/,https://arkabia.eus/,Arkabia,Arkabia,"[{'imageId': '1181357', 'imageFileName': '12112.jpg', 'imageUrl': 'https://opendata.euskadi.eus/contenidos/evento/2026090814005115/es_def/images/12112.jpg'}]",[],https://entradas.fundacionvital.eus/web/?menu=1162&pagina=entradas&item=62447&siteID=vitalfundazioahttps://entradas.fundacionvital.eus/web/?menu=1162&pagina=entradas&item=62447&siteID=vitalfundazioa,https://entradas.fundacionvital.eus/web/?menu=1162&pagina=entradas&item=60823&siteID=vitalfundazioa,,,,,,,,No informado,No informado,No informado,No informado,2026-09-16 00:29:35.281460,No informado
2026090909514646,9,Cine y audiovisuales,Zinema eta ikus-entzunezkoak,"Magialdia 2026: ""Juan Tamariz, Love & Magic""","Magialdia 2026: ""Juan Tamariz, Love & Magic""",2026-09-15T00:00:00Z,2026-09-15T00:00:00Z,2026-09-09T09:51:57Z,ES,19:30,19:30,magialdia.com,magialdia.com,https://magialdia.com/programa/,https://magialdia.com/programa/,3 €,3 €,"<p>Dentro del&nbsp;<strong><a href=""https://www.kulturklik.euskadi.eus/evento/2026/09/14/magialdia-2026-festival-internacional-de-magia-de-vitoria-gasteiz/webkklik00-detalle/es/"" target=""_blank"">Magialdia 2026 - Festival Internacional de Magia de Vitoria-Gasteiz</a>.</strong></p>
<p>19:30 h. Cines Florida-Cine F&oacute;rum</p>
<p>Juan Tamariz, Love &amp; Magic, de Paul Wilson</p>
<p>En colaboraci&oacute;n con CINE FORUM GASTEIZ.</p>
<p>Entrada: 3 &euro;</p>","<p><a href=""https://www.kulturklik.euskadi.eus/ekitaldia/2026/09/14/magialdia-2026-gasteizko-nazioarteko-magia-jaialdia/webkklik00-detalle/eu/"" target=""_blank""><strong>Magialdia 2026 - Gasteizko Nazioarteko Magia Jaialdia</strong></a>ren barne.</p>
<p>19:30ean. Florida Zinemak, 1. Aretoa</p>
<p>TAMARIZ LOVE &amp; MAGIC</p>
<p>CINE FORUM GASTEIZekin lankidetzan.</p>
<p>Sarrera: 3 &euro;</p>",Vitoria-Gasteiz,Vitoria-Gasteiz,42.846718,-2.671635,46,1,Cines Florida,Florida Zinemak,https://www.cinesflorida.com/,https://www.cinesflorida.com/,Cines Florida,Florida Zinemak,"[{'imageId': '1181840', 'imageFileName': 'jt.jpg', 'imageUrl': 'https://opendata.euskadi.eus/contenidos/evento/2026090909514646/es_def/images/jt.jpg'}]",[],,,Paul Wilson,Paul Wilson,,,,,,No informado,No informado,No informado,No informado,2026-09-16 00:29:35.281460,No informado
2026090913255732,15,Otro,Bestelakoa,"Homenaje ""LAZKAO TXIKI 100 URTE!""","""LAZKAO TXIKI 100 URTE!"" omenaldia",2026-09-15T00:00:00Z,2026-09-15T00:00:00Z,2026-09-09T13:31:37Z,EU,18:00,18:00,lazkao.eus,lazkao.eus,https://lazkao.eus/es/lazkao/agenda-es/2061-lang-eu-lazkao-txiki-100-urte-jai-zela-lang-lang-es-100-anos-del-nacimiento-de-lazkao-txiki-lang.html,https://lazkao.eus/eu/lazkao-eu/agenda/2061-lang-eu-lazkao-txiki-100-urte-jai-zela-lang-lang-es-100-anos-del-nacimiento-de-lazkao-txiki-lang.html,Gratis,Doan,"<p><strong>100 A&Ntilde;OS DE LAZKAO TXIKI!</strong></p>
<p>El 15 de septiembre a las 18:00 en la escultura de Lazkao Txiki, Lazkaoko Bertso Eskola y el grupo de danza Oin Arinak rendir&aacute;n homenaje a Lazkao Txiki<strong>.</strong>&nbsp;</p>
<p>&nbsp;</p>
<p>&nbsp;</p>","<p><strong>LAZKAO TXIKI 100 URTE!</strong></p>
<p>Irailaren 15ean, 18:00etan Lazkao Txikiren harrizko irudian, Lazkao Txiki omenduko dute Lazkaoko Bertso Eskolak eta Oin Arinak dantza taldeak.</p>",Lazkao,Lazkao,43.034324,-2.187379,106,20,,,,,,,"[{'imageId': '1182153', 'imageFileName': 'LAZKAOTXIKI100URTEkartela1.jpg', 'imageUrl': 'https://opendata.euskadi.eus/contenidos/evento/2026090913255732/es_def/images/LAZKAOTXIKI100URTEkartela1.jpg'}]",[],,,,,Escultura de Lazkao Txiki,Lazkao Txikiren harrizko irudia,,,,No informado,No informado,No informado,No informado,2026-09-16 00:29:38.967415,No informado
2026091111415342,1,Concierto,Kontzertua,Fiestas de Sara 2026: GOXUA'N SALSA,Sarako Bestak 2026: GOXUA'N SALSA,2026-09-15T00:00:00Z,2026-09-15T00:00:00Z,2026-09-11T11:42:05Z,EU,22:30,22:30,Sarako Gazteria,Sarako Gazteria,https://www.instagram.com/p/Dc0HS12CO30/,https://www.instagram.com/p/Dc0HS12CO30/,Gratis,Doan,"<p>Dentro de las <a href=""https://www.kulturklik.euskadi.eus/evento/2026/09/12/programa-fiestas-de-sara-2026/webkklik00-detalle/es/"" target=""_blank""><strong>fiestas de Sara 2026</strong></a>.</p>
<p>El 15 de septiembre, el grupo&nbsp;<strong>Goxua'n Salsa&nbsp;</strong>actuar&aacute; en Sare.</p>","<p><a href=""https://www.kulturklik.euskadi.eus/ekitaldia/2026/09/12/sarako-bestak-2026-egitaraua/webkklik00-detalle/eu/"" target=""_blank""><strong>Sarako 2026ko Besten</strong> </a>barne.</p>
<p>Irailaren 15ean,&nbsp;<strong>Goxua'N Slasa&nbsp;</strong>zuzenean arituko da Saran.</p>",Sare,Sara,43.3130149841,-1.5803360939,673,-3,,,,,,,"[{'imageId': '1182909', 'imageFileName': 'GOXUANSALSA.jpg', 'imageUrl': 'https://opendata.euskadi.eus/contenidos/evento/2026091111415342/es_def/images/GOXUANSALSA.jpg'}, {'imageId': '1182910', 'imageFileName': 'sb.jpg', 'imageUrl': 'https://opendata.euskadi.eus/contenidos/evento/2026091111415342/es_def/images/sb.jpg'}]",[],,,,,Place du village,Herriko plaza,,,,No informado,No informado,No informado,No informado,2026-09-16 00:29:39.377089,No informado
2026091205024126,15,Otro,Bestelakoa,Siglos XIX y XX en el País Vasco,XIX. eta XX. mendeak Euskal Herrian,2026-09-15T00:00:00Z,2026-09-15T00:00:00Z,2026-09-12T05:02:52Z,VI,11:00 (cas) + 17:00 (eus),11:00 (cas) + 17:00 (eus),Donostia Kultura,Donostia Kultura,https://www.santelmomuseoa.eus/index.php?option=com_flexicontent&view=items&id=136&Itemid=8&lang=es&ide=43344,https://www.santelmomuseoa.eus/index.php?option=com_flexicontent&view=items&id=5128&Itemid=8&lang=eu&ide=43343,,,"<p>Visita guiada dirigida a <strong>mayores de 55 años</strong> a la exposición permanente del museo en la que se explica el proceso de modernización que se vivió en el País Vasco entre los siglos XIX y XX. Sociedad, indumentaria, industria, cultura y ocio.</p> <p>En este caso, <strong>María Sánchez</strong> ofrecerá la visita de la mañana, y <strong>Juan Mari Pérez</strong>, la de la tarde.</p> <p>Las visitas guiadas del programa +55 se articulan a través de seis itinerarios temáticos que se van sucediendo hasta conocer la exposición completa. En la <a href=""https://www.santelmomuseoa.eus/index.php?option=com_flexicontent&amp;view=items&amp;id=10296&amp;idc=66&amp;Itemid=271&amp;lang=es"">sección de visitas guiadas</a> del museo encontrarás las siguientes incluidas en este programa (además de otras visitas guiadas).</p> <div class=""bloque-destacado""> <p class=""bloque-destacado__titulo""><strong>Nota</strong></p> <p class=""mb-0"">Si el aforo está completo, se recomienda consultarlo más adelante, dado que hasta el último momento se pueden liberar plazas.</p> </div>","<p><strong>55 urtetik gorakoentzako</strong> bisita gidatua. XIX. eta XX. mendeen artean Euskal Herrian bizi izan zen <strong>modernizazio-prozesua</strong> azaltzen duen erakusketa iraunkorrera bisita. Gizartea, janzkera, industria, kultura eta aisia.</p> <p>Kasu honetan, <strong>María Sánchez</strong>ek goizeko bisita eskainiko du, eta <strong>Juan Mari Pérez</strong>ek, arratsaldekoa.&nbsp;</p> <p>+55 Kultur Gidak programako bisita gidatuak sei ibilbide ezberdinetan antolatuta daude, erakusketa iraunkor osoa ezagutzeko txandakatzen direnak. <a href=""https://www.santelmomuseoa.eus/index.php?option=com_flexicontent&amp;view=items&amp;id=10298&amp;idc=66&amp;Itemid=271&amp;lang=eu"">Bisita gidatuen atalean</a> aurkituko dituzu programa honen barruan dauden hurrengo bisitak (beste hainbaten artean).</p> <div class=""bloque-destacado""> <p class=""bloque-destacado__titulo""><strong>Oharra</strong></p> <p class=""mb-0"">Edukiera beteta baldin badago gomendatzen da aurrerago berriz kontsultatzea, izan ere, azken unera arte lekuak libratu daitezke.</p> </div>",Donostia / San Sebastián,Donostia / San Sebastián,43.320725,-1.984449,82,20,,,https://www.donostiakultura.eus/agenda/xix-xx-mendeak-euskal-herrian-ir15,https://www.donostiakultura.eus/agenda/xix-xx-mendeak-euskal-herrian-ir15,https://www.donostiakultura.eus/agenda/xix-xx-mendeak-euskal-herrian-ir15,https://www.donostiakultura.eus/agenda/xix-xx-mendeak-euskal-herrian-ir15,[],[],https://www.donostia.eus/DonostiaKultura/STMsalmenta/muslinkIV/index.jsp?lang=2&nom_cache=STELMO&property=STELMO&codiActiv=2603,https://www.donostia.eus/DonostiaKultura/STMsalmenta/muslinkIV/index.jsp?lang=1&nom_cache=STELMO&property=STELMO&codiActiv=2603,,,San Telmo Museoa,San Telmo Museoa,0,,,No informado,No informado,No informado,No informado,2026-09-16 00:29:35.691243,No informado
2026091409563012,1,Concierto,Kontzertua,Oldarra (coro),Oldarra (abesbatza),2026-09-15T00:00:00Z,2026-09-15T00:00:00Z,2026-09-14T09:56:44Z,VI,21:00,21:00,EKE,EKE,https://www.eke.eus/eu/agenda/oldarra-18,https://www.eke.eus/eu/agenda/oldarra-18,12 €,12 €,,,Cambo-les-Bains,Kanbo,43.3630981445,-1.40350341797,635,-3,,,,,,,"[{'imageId': '1183205', 'imageFileName': 'Coro.jpg', 'imageUrl': 'https://opendata.euskadi.eus/contenidos/evento/2026091409563012/es_def/images/Coro.jpg'}]",[],,,,,Iglesia,Eliza,,,,No informado,No informado,No informado,No informado,2026-09-16 00:29:39.787283,No informado
2026091409574348,1,Concierto,Kontzertua,Larrun Kanta (coro),Larrun Kanta (abesbatza),2026-09-15T00:00:00Z,2026-09-15T00:00:00Z,2026-09-14T09:57:57Z,EU,19:30,19:30,EKE,EKE,https://www.eke.eus/eu/agenda/larrun-kanta-14,https://www.eke.eus/eu/agenda/larrun-kanta-14,,,,,Ascain,Azkaine,43.3448219299,-1.62106096745,565,-3,,,,,,,"[{'imageId': '1183207', 'imageFileName': '21.jpg', 'imageUrl': 'https://opendata.euskadi.eus/contenidos/evento/2026091409574348/es_def/images/21.jpg'}]",[],,,,,Iglesia,Eliza,,,,No informado,No informado,No informado,No informado,2026-09-16 00:29:40.298791,No informado
2026091409584412,1,Concierto,Kontzertua,Haiz'Egoa,Haiz'Egoa,2026-09-15T00:00:00Z,2026-09-15T00:00:00Z,2026-09-14T09:58:59Z,EU,21:00,21:00,EKE,EKE,https://www.eke.eus/eu/agenda/haizegoa-2,https://www.eke.eus/eu/agenda/haizegoa-2,Gratis,Doan,,,Saint-Jean-Pied-de-Port,Donibane Garazi,43.1637466,-1.2369923,594,-3,,,,,,,"[{'imageId': '1183209', 'imageFileName': 'image480f702382999141296f4eb24a776ccf60a.jpeg', 'imageUrl': 'https://opendata.euskadi.eus/contenidos/evento/2026091409584412/es_def/images/image480f702382999141296f4eb24a776ccf60a.jpeg'}]",[],,,,,Iglesia,Eliza,,,,No informado,No informado,No informado,No informado,2026-09-16 00:29:40.696131,No informado
2026091410001277,6,Conferencia,Hitzaldia,"""Eüskara bihar? - Eüskaraz bizi eta mintza""","""Eüskara bihar? - Eüskaraz bizi eta mintza""",2026-09-15T00:00:00Z,2026-09-15T00:00:00Z,2026-09-15T12:52:15Z,EU,19:00,19:00,eke.eus,eke.eus,https://www.eke.eus/eu/agenda/euskara-bihar-euskaraz-bizi-eta-mintza,https://www.eke.eus/eu/agenda/euskara-bihar-euskaraz-bizi-eta-mintza,,,"<p>Tailer eta mintzaldia, Plazara elkartearen eskutik.</p>","<p><span>Tailer eta mintzaldia, </span><span>Plazara</span><span> elkartearen eskutik.</span></p>",Laguinge-Restoue,Liginaga-Astüe,43.0935874493,-0.86594581604,651,-3,,,,,,,"[{'imageId': '1183898', 'imageFileName': 'NaturaBizia.jpg', 'imageUrl': 'https://opendata.euskadi.eus/contenidos/evento/2026091410001277/es_def/images/NaturaBizia.jpg'}]",[],,,,,Eskola,Eskola,,,,No informado,No informado,No informado,No informado,2026-09-16 00:29:41.118654,No informado
2026091410014195,1,Concierto,Kontzertua,Andoni Ollokiegi,Andoni Ollokiegi,2026-09-15T00:00:00Z,2026-09-15T00:00:00Z,2026-09-14T10:01:55Z,VI,20:00,20:00,eke.eus,eke.eus,https://www.eke.eus/eu/agenda/andoni-ollokiegi-2,https://www.eke.eus/eu/agenda/andoni-ollokiegi-2,Gratis,Doan,,,Sare,Sara,43.3130149841,-1.5803360939,673,-3,,,,,,,"[{'imageId': '1183213', 'imageFileName': 'NaturaBizia.jpg', 'imageUrl': 'https://opendata.euskadi.eus/contenidos/evento/2026091410014195/es_def/images/NaturaBizia.jpg'}]",[],,,,,Gaztetxea,Gaztetxea,,,,No informado,No informado,No informado,No informado,2026-09-16 00:29:39.377089,No informado
2026091411415216,12,Concurso,Lehiaketa,Orozko Klik 2026 concurso de fotografía,Orozko Klik 2026 argazki lehiaketa,2026-06-15T00:00:00Z,2026-09-15T00:00:00Z,2026-09-14T11:42:04Z,NA,,,orozkoudala.com,orozkoudala.com,https://www.orozkoudala.com/es-ES/Eventos/Paginas/20260915-orozko-klik.aspx,https://www.orozkoudala.com/eu-ES/Gertakariak/Orriak/20260915-orozko-klik.aspx,,,<p>El &uacute;ltimo d&iacute;a para apuntarse al concurso de fotograf&iacute;a <strong>Orozko Klik 2026</strong> ser&aacute; el 15 de septiembre.</p>,<p><strong>Orozko Klik 2026</strong> argazki lehiaketara apuntatzeko azken eguna irailaren 15a izango da.</p>,Orozko,Orozko,43.080494,-2.877664,227,48,,,,,,,"[{'imageId': '1183239', 'imageFileName': '20260915orozkoklikb1.jpg', 'imageUrl': 'https://opendata.euskadi.eus/contenidos/evento/2026091411415216/es_def/images/20260915orozkoklikb1.jpg'}]",[],,,,,,,,,,No informado,No informado,No informado,No informado,2026-09-16 00:29:41.527773,No informado
2026091414164946,6,Conferencia,Hitzaldia,"Presentación de libro: ""Territorio remero: Un pequeño pueblo, una gran historia""","Liburu-aurkezpena: ""Territorio remero: Un pequeño pueblo, una gran historia""",2026-09-15T00:00:00Z,2026-09-15T00:00:00Z,2026-09-14T14:17:05Z,ES,19:00,19:00,itsasmuseoa.eus,itsasmuseoa.eus,https://orio.eus/agenda/liburu-aurkezpena-territorio-remero-orioko-arraunaren-historia/,https://orio.eus/agenda/liburu-aurkezpena-territorio-remero-orioko-arraunaren-historia/,Gratis,Doan,"<p>Ma&ntilde;ana, martes 15 de septiembre, la Casa de Cultura de Orio acoger&aacute; la presentaci&oacute;n del libro <em>Territorio Remero</em>, a las 19:00 horas, entre I&ntilde;aki Iturain e Ibon Gazta&ntilde;azpi.</p>
<p>El libro <em>Territorio Remero</em> recoge la historia del remo de Orio, desde finales del siglo XIX hasta nuestros d&iacute;as. Partiendo de la &eacute;poca en la que los arrantzales de Orio pasaron de capturar ballenas a competir en las regatas de traineras de La Concha en Donostia, la obra narra la trayectoria del remo en la localidad durante generaciones. Recoge breves biograf&iacute;as y numerosas fotograf&iacute;as de los patrones de la trainera amarilla, y cuenta con el pr&oacute;logo de Benito Lertxundi.</p>
<p>El libro tiene como antecedente la obra <em>Orioko patroiak, herri txiki baten historia handia</em>, publicada hace 25 a&ntilde;os en euskera. La actual publicaci&oacute;n ha adaptado y actualizado la misma, incorporando la historia de los &uacute;ltimos 25 a&ntilde;os, incluyendo la trayectoria del remo femenino.</p>
<p>Adem&aacute;s de las victorias y celebraciones, el libro recoge las vicisitudes y conflictos generados por la intensa rivalidad. Una pregunta gu&iacute;a el relato: &iquest;Qui&eacute;n le ha dado m&aacute;s a cu&aacute;l, Orio al remo o el remo a Orio?</p>","<p><span>Bihar, irailak 15, asteartea, </span><em>Territorio Remero</em><span> liburua aurkeztuko dute Orioko Kultur Etxean, 19:00etan, I&ntilde;aki Iturain eta Ibon Gazta&ntilde;azpiren artean.</span><br /><br /><em>Territorio Remero</em><span> liburuak Orioko arraunaren historia jasotzen du, XIX. mendearen amaieratik gaur egunera arte. Orioko arrantzaleak baleak harrapatzetik Donostiako Kontxako traineru-estropadetan lehiatzera igaro ziren garaitik abiatuta, belaunaldiz belaunaldi arraunak herrian izan duen ibilbidea kontatzen du lanak. Traineru horiko patroien biografia laburrak eta argazki ugari biltzen ditu, eta Benito Lertxundiren hitzaurrea du.</span><br /><br /><span>Liburuak duela 25 urte euskaraz argitaratutako </span><em>Orioko patroiak, herri txiki baten historia handia</em><span> lana du aurrekari. Oraingo argitalpenak hura egokitu eta eguneratu du, azken 25 urteetako historia gehituta; tartean, emakumeen arraunaren ibilbidea ere bai.</span><br /><br /><span>Garaipenak eta ospakizunak ez ezik, lehia biziak sortutako gorabeherak eta gatazkak ere jasotzen ditu liburuak. Galdera batek gidatzen du kontakizuna: </span><span>zeinek eman dio gehiago zeini, Oriok arraunari edo arraunak Oriori?</span></p>",Orio,Orio,43.278322,-2.126597,122,20,,,,,,,"[{'imageId': '1183419', 'imageFileName': 'OrioARrauna500x500.jpg', 'imageUrl': 'https://opendata.euskadi.eus/contenidos/evento/2026091414164946/es_def/images/OrioARrauna500x500.jpg'}]",[],,,,,Casa de Cultura,Orioko Kultur Etxea,,,,No informado,No informado,No informado,No informado,2026-09-16 00:29:36.509859,No informado
2026091414221909,9,Cine y audiovisuales,Zinema eta ikus-entzunezkoak,OZZINEMA: SESIÓN SORPRESA,OZZINEMA: SAIO SORPRESA,2026-09-15T00:00:00Z,2026-09-15T00:00:00Z,2026-09-14T14:22:31Z,,19:00,19:00,kultura.errenteria.eus,kultura.errenteria.eus,https://kultura.errenteria.eus/es/agenda/evento/ozzinema-sesion-sorpresa-dblba8/,https://kultura.errenteria.eus/agenda/ekitaldia/ozzinema-saio-sorpresa-dblba8/,4 €,4 €,"<p>Una pel&iacute;cula. Ninguna pista definitiva. Ozzinema vuelve a convertir la proyecci&oacute;n en un juego con una nueva Sesi&oacute;n Sorpresa, en la que el t&iacute;tulo permanecer&aacute; oculto hasta que se apaguen las luces. Una cita para dejarse llevar, recuperar el placer de descubrir una pel&iacute;cula sin expectativas y vivir el cine como una experiencia compartida.</p>
<p><strong>Proyecci&oacute;n en versi&oacute;n original, subtitulada en caso necesario en funci&oacute;n de la pel&iacute;cula.</strong></p>
<p><strong>Duraci&oacute;n m&aacute;xima de la sesi&oacute;n: 120'. Pel&iacute;cula no recomendada para menores de 16 a&ntilde;os.</strong></p>
<p>Las entradas se podr&aacute;n adquirir a 4 euros en los Cines Niessen, Lekuona Fabrika, Aldakonea Udal Biblioteka o en la p&aacute;gina&nbsp;&nbsp;<a href=""https://sarrerak.errenteria.eus/?idioma=ES&amp;act=1"">http://sarrerak.errenteria.eu</a></p>","<p>Film bat. Behin betiko pistarik ez. Ozzinemak proiekzioa joko bihurtuko du berriro Saio Sorpresa berri batekin, eta filmaren izenburua ezkutuan mantenduko da argiak itzali arte. Aurreiritzirik eta aurreikuspenik gabe zinema deskubritzeko plazera berreskuratzeko eta esperientzia partekatu gisa bizitzeko hitzordua.</p>
<p><strong>Jatorrizko bertsioan proiektatuko da, beharrezkoa denean azpitituluekin, filmaren arabera.</strong></p>
<p><strong>Saioaren gehieneko iraupena: 120'. 16 urtetik beherakoentzat ez da gomendatzen.</strong></p>
<p>Sarrerak 4 euroan eskuratu ahal izango dira Niessen Zinemetan, Lekuona Fabrikan, Aldakoneako Udal Bibliotekan edo <a href=""https://sarrerak.errenteria.eus/?idioma=EU&amp;act=1"">http://sarrerak.errenteria.eus</a> webgunean.</p>",Errenteria,Errenteria,43.312752,-1.899633,87,20,Cines Niessen,Niessen Zinemak,https://www.niessenzinemak.com/,https://www.niessenzinemak.com/,Cines Niessen,Niessen Zinemak,"[{'imageId': '1183423', 'imageFileName': 'images.jpg', 'imageUrl': 'https://opendata.euskadi.eus/contenidos/evento/2026091414221909/es_def/images/images.jpg'}]",[],https://sarrerak.errenteria.eus/eu/ozzinema-saio-sorpresa,https://sarrerak.errenteria.eus/eu/ozzinema-saio-sorpresa,,,,,,,,No informado,No informado,No informado,No informado,2026-09-16 00:29:41.937179,No informado
2026091509212753,6,Conferencia,Hitzaldia,"Presentación del libro ""Cifra y sal""","""Cifra y sal"" liburuaren aurkezpena",2026-09-15T00:00:00Z,2026-09-15T00:00:00Z,2026-09-15T10:49:06Z,ES,19:00,19:00,kulturaetxea.araba.eus,kulturaetxea.araba.eus,https://kulturaetxea.araba.eus/es/-/presentacion-libro-cifra-y-sal,https://kulturaetxea.araba.eus/eu/-/cifra-y-sal-liburuaren-aurkezpena,Gratis,Doan,"<p>El 15 de septiembre, el autor del libro&nbsp;<em><strong>""Cifra y sal""</strong></em><strong>&nbsp;</strong>presentar&aacute; su obra en la sala Cervera de la Casa de Cultura Ignacio Aldecoa.</p>
<p><span>&ldquo;Cifra y sal&rdquo; es una novela hist&oacute;rica de espionaje y aventura, de Jos&eacute; de la G&aacute;ndara, inspirada en hechos reales.</span></p>","<p>Irailaren 15ean,&nbsp;<em><strong>""Cifra y Sal""</strong></em><strong>&nbsp;</strong>liburua aurkeztuko du bere autoreak Ignacio Aldecoa kultura etxearen Cervera gelan.</p>
<p><span>&ldquo;Cifra y sal&rdquo; Jos&eacute; de la Gandararen espioitza eta abenturazko eleberri historikoa da, benetako gertaeretan oinarritua.</span></p>",Vitoria-Gasteiz,Vitoria-Gasteiz,42.846718,-2.671635,46,1,Casa de Cultura Ignacio Aldecoa,Ignacio Aldecoa Kultur Etxea,https://web.araba.eus/es/cultura/casa-cultura-ignacio-aldecoa,https://web.araba.eus/eu/kultura/ignacio-aldecoa-kultura-etxea,Casa de Cultura Ignacio Aldecoa,Ignacio Aldecoa Kultur Etxea,"[{'imageId': '1183751', 'imageFileName': 'Cifraysal1.jpg', 'imageUrl': 'https://opendata.euskadi.eus/contenidos/evento/2026091509212753/es_def/images/Cifraysal1.jpg'}]",[],,,,,,,,,,No informado,No informado,No informado,No informado,2026-09-16 00:29:35.281460,No informado
2026091509263946,6,Conferencia,Hitzaldia,"Presentación del libro ""Familias que duelen""","""Familias que duelen"" liburuaren aurkezpena",2026-09-15T00:00:00Z,2026-09-15T00:00:00Z,2026-09-15T10:32:50Z,ES,19:00,19:00,kulturaetxea.araba.eus,kulturaetxea.araba.eus,https://kulturaetxea.araba.eus/es/-/presentacion-libro-familias-que-duelen,https://kulturaetxea.araba.eus/eu/-/cifra-y-sal-liburuaren-aurkezpena,Gratis,Doan,"<p>El 15 de septiembre, la autora del libro&nbsp;<em><strong>""Familias que duelen""</strong></em><strong>&nbsp;</strong>presentar&aacute; su obra en el Sal&oacute;n de actos de la Casa de Cultura Ignacio Aldecoa.</p>
<p><span>La psic&oacute;loga <strong>Marta Mart&iacute;nez Novoa</strong> te invita a revisar ese pasado que a&uacute;n te acompa&ntilde;a para comprender c&oacute;mo tu entorno familiar influy&oacute; en qui&eacute;n eres hoy y por qu&eacute; arrastras ciertas inseguridades, miedos y patrones que se repiten una y otra vez.</span></p>","<p>Irailaren 15ean,&nbsp;<em><strong>""Familias que duelen""</strong></em><strong>&nbsp;</strong>liburua aurkeztuko du bere autoreak Ignacio Aldecoa kultura etxearen Areto nagusian.</p>
<p><span><strong>Marta Mart&iacute;nez Novoa</strong> psikologoak iragan hori berrikustera gonbidatzen zaitu zure &nbsp;ingurunea ulertzeko oraindik lagun egiten dizun eragina izan zuen gaur nor zaren eta &nbsp;zergatik arrastatzen dituzun segurtasunik ezak, beldurrak eta patroiak, behin eta &nbsp;berriz errepikatzen direnak.</span></p>",Vitoria-Gasteiz,Vitoria-Gasteiz,42.846718,-2.671635,46,1,Casa de Cultura Ignacio Aldecoa,Ignacio Aldecoa Kultur Etxea,https://web.araba.eus/es/cultura/casa-cultura-ignacio-aldecoa,https://web.araba.eus/eu/kultura/ignacio-aldecoa-kultura-etxea,Casa de Cultura Ignacio Aldecoa,Ignacio Aldecoa Kultur Etxea,"[{'imageId': '1183722', 'imageFileName': 'familias1.jpg', 'imageUrl': 'https://opendata.euskadi.eus/contenidos/evento/2026091509263946/es_def/images/familias1.jpg'}]",[],,,,,,,,,,No informado,No informado,No informado,No informado,2026-09-16 00:29:35.281460,No informado
2026041309102688,1,Concierto,Kontzertua,Fiestas San Martín 2026 en Bergara: Pantxoa eta Peio: gira de despedida (Bergara),Bergarako San Martin Jaiak 2026: Pantxoa eta Peio: azken bira (Bergara),2026-09-16T00:00:00Z,2026-09-16T00:00:00Z,2026-09-14T07:57:28Z,EU,20:00,20:00,orain.eus,orain.eus,https://orain.eus/eu/kultura/musika/2026/04/10/pantxoa-peio-bikoak-azken-bira-bat-egingo-du-agur-kontzertuen-aurretik/,https://orain.eus/eu/kultura/musika/2026/04/10/pantxoa-peio-bikoak-azken-bira-bat-egingo-du-agur-kontzertuen-aurretik/,Gratis,Doan,"<div class=""text aem-GridColumn aem-GridColumn--default--12"">
<div id=""text-6901694d06"" class=""cmp-text black"">
<p>Pantxoa eta Peiok agur esango diete agertokiei 2027ko urtarrilaren 9an eta 10ean. Hilaren 10eko kontzerturako&nbsp;<a href=""https://orain.eus/eu/kultura/musika/2025/12/18/beceko-azken-kontzertuko-sarrerak-agortuta-pantxoa-peio-aukera-berriak-aztertzen-ari-dira/"">sarrerak ordu gutxitan agortu</a>&nbsp;ziren eta, beraz, bigarren kontzertu bat iragarri dute, ""<strong>inor kanpoan gera ez dadin</strong>"".&nbsp;</p>
<div class=""text aem-GridColumn aem-GridColumn--default--12"">
<div id=""text-96377b5a8a"" class=""cmp-text black"">
<p>2027ko urtarrilaren 9 eta 10ean BECen azken kontzertuak egin aurretik, bikote historikoak&nbsp;<strong>bost kontzertu</strong>&nbsp;eskainiko ditu Santutxu Bilboko auzoan (maiatzaren 9an), Baluarte Iru&ntilde;eko jauregian (maiatzaren 24an), Lesakan (irailaren 5ean), Bergaran (irailaren 16an) eta Lauga Baionako kiroldegian (abenduaren 11n). Sarrerak astelehenean (apirilaren 13an) jarriko dituzte salgai.&nbsp;</p>
</div>
</div>
<div class=""cmp-tag-list aem-GridColumn aem-GridColumn--default--12"">
<p><strong>KONTZERTUAK</strong></p>
<p>2026</p>
<ul class=""lista"">
<li>
<p><a href=""https://www.kulturklik.euskadi.eus/ekitaldia/2026/05/09/pantxoa-eta-peio-azken-bira-bilbo-/webkklik00-detalle/eu/"" target=""_blank"">Santutxu: maiatzak 9</a></p>
</li>
<li>
<p><a href=""https://www.kulturklik.euskadi.eus/ekitaldia/2026/05/24/pantxoa-eta-peio-azken-bira-irunea-/webkklik00-detalle/eu/"" target=""_blank"">Iru&ntilde;ea: maiatzak&nbsp;24</a></p>
</li>
<li>
<p><a href=""https://www.kulturklik.euskadi.eus/ekitaldia/2026/09/05/pantxoa-eta-peio-azken-bira-lesaka-/webkklik00-detalle/eu/"" target=""_blank"">Lesaka: irailak 5</a></p>
</li>
<li>
<p><a href=""https://www.kulturklik.euskadi.eus/ekitaldia/2026/09/16/pantxoa-eta-peio-azken-bira-bergara-/webkklik00-detalle/eu/"" target=""_blank"">Bergara: irailak&nbsp;16</a></p>
</li>
<li>
<p><a href=""https://www.kulturklik.euskadi.eus/ekitaldia/2026/12/11/pantxoa-eta-peio-azken-bira-baiona-/webkklik00-detalle/eu/"" target=""_blank"">Baiona: abenduak 11</a></p>
</li>
</ul>
<p>2027&nbsp;</p>
<ul class=""lista"">
<li>
<p><a href=""https://www.kulturklik.euskadi.eus/ekitaldia/2027/01/10/pantxoa-eta-peio-azken-kontzertua-urtarrilak-10-bec-/webkklik00-detalle/eu/"" target=""_blank"">Barakaldo, urtarrilak 9 (Bizkaia Arena - BEC!)</a></p>
</li>
<li>
<p><a href=""https://www.kulturklik.euskadi.eus/ekitaldia/2027/01/10/pantxoa-eta-peio-azken-kontzertua-urtarrilak-10-bec-/webkklik00-detalle/eu/"" target=""_blank"">Barakaldo, urtarrilak 10 (Bizkaia Arena - BEC!)</a></p>
</li>
</ul>
</div>
</div>
</div>
<div class=""cmp-embed-social aem-GridColumn aem-GridColumn--default--12"">
<div class=""cmp-embed-social__wrapper"">
<div class=""youtube""><iframe title=""YouTube video player"" src=""https://www.youtube.com/embed/Zi5bRqEqx0I?si=OY9dlK1ySPqiNrQi"" frameborder=""0"" width=""560"" height=""315""></iframe></div>
</div>
</div>","<div class=""text aem-GridColumn aem-GridColumn--default--12"">
<div id=""text-6901694d06"" class=""cmp-text black"">
<p>Pantxoa eta Peiok agur esango diete agertokiei 2027ko urtarrilaren 9an eta 10ean. Hilaren 10eko kontzerturako&nbsp;<a href=""https://orain.eus/eu/kultura/musika/2025/12/18/beceko-azken-kontzertuko-sarrerak-agortuta-pantxoa-peio-aukera-berriak-aztertzen-ari-dira/"">sarrerak ordu gutxitan agortu</a>&nbsp;ziren eta, beraz, bigarren kontzertu bat iragarri dute, ""<strong>inor kanpoan gera ez dadin</strong>"".&nbsp;</p>
<div class=""text aem-GridColumn aem-GridColumn--default--12"">
<div id=""text-96377b5a8a"" class=""cmp-text black"">
<p>2027ko urtarrilaren 9 eta 10ean BECen azken kontzertuak egin aurretik, bikote historikoak&nbsp;<strong>bost kontzertu</strong>&nbsp;eskainiko ditu Santutxu Bilboko auzoan (maiatzaren 9an), Baluarte Iru&ntilde;eko jauregian (maiatzaren 24an), Lesakan (irailaren 5ean), Bergaran (irailaren 16an) eta Lauga Baionako kiroldegian (abenduaren 11n). Sarrerak astelehenean (apirilaren 13an) jarriko dituzte salgai.&nbsp;</p>
</div>
</div>
<div class=""cmp-tag-list aem-GridColumn aem-GridColumn--default--12"">
<p><strong>KONTZERTUAK</strong></p>
<p>2026</p>
<ul class=""lista"">
<li>
<p><a href=""https://www.kulturklik.euskadi.eus/ekitaldia/2026/05/09/pantxoa-eta-peio-azken-bira-bilbo-/webkklik00-detalle/eu/"" target=""_blank"">Santutxu: maiatzak 9</a></p>
</li>
<li>
<p><a href=""https://www.kulturklik.euskadi.eus/ekitaldia/2026/05/24/pantxoa-eta-peio-azken-bira-irunea-/webkklik00-detalle/eu/"" target=""_blank"">Iru&ntilde;ea: maiatzak&nbsp;24</a></p>
</li>
<li>
<p><a href=""https://www.kulturklik.euskadi.eus/ekitaldia/2026/09/05/pantxoa-eta-peio-azken-bira-lesaka-/webkklik00-detalle/eu/"" target=""_blank"">Lesaka: irailak 5</a></p>
</li>
<li>
<p><a href=""https://www.kulturklik.euskadi.eus/ekitaldia/2026/09/16/pantxoa-eta-peio-azken-bira-bergara-/webkklik00-detalle/eu/"" target=""_blank"">Bergara: irailak&nbsp;16</a></p>
</li>
<li>
<p><a href=""https://www.kulturklik.euskadi.eus/ekitaldia/2026/12/11/pantxoa-eta-peio-azken-bira-baiona-/webkklik00-detalle/eu/"" target=""_blank"">Baiona: abenduak 11</a></p>
</li>
</ul>
<p>2027&nbsp;</p>
<ul class=""lista"">
<li>
<p><a href=""https://www.kulturklik.euskadi.eus/ekitaldia/2027/01/10/pantxoa-eta-peio-azken-kontzertua-urtarrilak-10-bec-/webkklik00-detalle/eu/"" target=""_blank"">Barakaldo, urtarrilak 9 (Bizkaia Arena - BEC!)</a></p>
</li>
<li>
<p><a href=""https://www.kulturklik.euskadi.eus/ekitaldia/2027/01/10/pantxoa-eta-peio-azken-kontzertua-urtarrilak-10-bec-/webkklik00-detalle/eu/"" target=""_blank"">Barakaldo, urtarrilak 10 (Bizkaia Arena - BEC!)</a></p>
</li>
</ul>
</div>
</div>
</div>
<div class=""cmp-embed-social aem-GridColumn aem-GridColumn--default--12"">
<div class=""cmp-embed-social__wrapper"">
<div class=""youtube""><iframe title=""YouTube video player"" src=""https://www.youtube.com/embed/Zi5bRqEqx0I?si=OY9dlK1ySPqiNrQi"" frameborder=""0"" width=""560"" height=""315""></iframe></div>
</div>
</div>",Bergara,Bergara,43.118217,-2.413358,78,20,,,,,,,"[{'imageId': '1183175', 'imageFileName': 'PantxoaetaPeiogiradedespedida.jpg', 'imageUrl': 'https://opendata.euskadi.eus/contenidos/evento/2026041309102688/es_def/images/PantxoaetaPeiogiradedespedida.jpg'}]",[],,,,,Oxirondo Plaza,Oxirondo Plaza,,,,No informado,No informado,No informado,No informado,2026-09-16 00:29:42.346885,No informado
2026050509331852,16,Fiestas,Jaiak,Programa Fiestas de Bermeo 2026 (7-16 septiembre),Bermeoko Jaiak 2026 (irailak 7-16),2026-09-07T00:00:00Z,2026-09-16T00:00:00Z,2026-09-01T13:26:41Z,,,,bermeo.eus,bermeo.eus,https://www.bermeo.eus/187.html?no_cache=1&tx_ttnews%5Btt_news%5D=22304&cHash=920b5a47e9e429ab39a994cdaaeb88e3&L=2,https://www.bermeo.eus/187.html?no_cache=1&tx_ttnews%5Btt_news%5D=22304&cHash=920b5a47e9e429ab39a994cdaaeb88e3&L=2,,,"<p><strong>Bermeo celebrar&aacute; sus Fiestas de&nbsp;Andra Mari y Santa Eufemia 2026 del 7 al 16 de septiembre</strong>. Un a&ntilde;o m&aacute;s se ha organizado un amplio programa que ambientar&aacute; las calles y plazas de la localidad, para todas las edades y todos los gustos.&nbsp;</p>
<ul class='lista'>
<li>Las actividades comenzar&aacute;n el s&aacute;bado 5 de septiembre y se extender&aacute;n hasta el s&aacute;bado 19.</li>
</ul>
<p class=""bodytext"">El grupo <strong>ETS ser&aacute; el encargado de inaugurar las fiestas de Andra Mari y Santa Eufemia</strong> de este a&ntilde;o. El Ayuntamiento de Bermeo ha anunciado que la banda alavesa protagonizar&aacute; la primera gran noche festiva el pr&oacute;ximo 7 de septiembre, ofreciendo el concierto posterior al chupinazo y dando as&iacute; el pistoletazo de salida a uno de los momentos m&aacute;s esperados del a&ntilde;o en el municipio.</p>
<p class=""bodytext"">La programaci&oacute;n musical continuar&aacute; en jornadas posteriores con conciertos dirigidos a p&uacute;blicos y estilos diversos. As&iacute;, actuar&aacute;n en Bermeo <strong>Cherry &amp; The Ladies, Oxabi, Txapela Brava, Merina Gris, Akerbeltz y Mariachi Imperial.</strong></p>
<ul class='lista'>
<li class=""bodytext""><a href=""https://bermeokojaiak.eus/wp-content/themes/wordprest-child/img/eskuprograma-h6e3.pdf"" target=""_blank""><strong>Programa Fiestas de Bermeo 2026 (pdf)</strong></a></li>
</ul>","<p class=""bodytext"">2026ko <strong>irailaren 7tik 16ra</strong> ospatuko ditu Bermeok <strong>Andra Mari eta Santa Eufemia jaiak</strong><span lang=""EU"">.&nbsp;<span>Aurten ere, herriko kale eta plazak girotuko dituen egitarau zabala antolatu da, adin guztietako herritarrei zuzenduta eta gustu guztietarako.&nbsp;</span></span></p>
<ul class='lista'>
<li class=""bodytext""><span lang=""EU""><span>Ekitaldiak irailaren 5ean hasiko dira eta 19 larunbatera arte luzatuko dira.&nbsp;</span></span></li>
</ul>
<p class=""bodytext""><strong><span lang=""EU"">ETS</span></strong><span lang=""EU""><strong> taldea</strong>ren kontzertuak emango dio hasiera aurtengo Andra Mari eta Santa Eufemia jaiei. Bermeoko Udalak jakinarazi du irailaren 7an, txupinazoaren ostean, euskal musikaren panoramako izen indartsuenetako bat izango dela jaietako lehen gauko protagonista, urteko hitzordu garrantzitsuenetako bati hasiera ikusgarria emanez</span>.</p>
<p class=""bodytext""><span lang=""EU"">Musika-programazioak jarraipena izango du ondorengo egunetan ere, estilo eta publiko ezberdinei zuzendutako kontzertuekin; besteak beste, gurean izango ditugu, <strong>Cherry &amp; The Ladies</strong></span><strong>, Oxabi, Txapela Brava, Merina Gris, Akerbeltz eta Mariachi Imperial.</strong></p>
<ul class='lista'>
<li class=""bodytext""><a href=""https://bermeokojaiak.eus/wp-content/themes/wordprest-child/img/eskuprograma-h6e3.pdf"" target=""_blank""><strong><span lang=""EU"">Bermeoko Jaiak 2026 (irailak 7-16): egitaraua (pdf)</span></strong></a></li>
</ul>
<div id=""gtx-trans"" style=""position: absolute; left: -103px; top: 144px;"">&nbsp;</div>",Bermeo,Bermeo,43.420422,-2.722158,164,48,,,,,,,"[{'imageId': '1178053', 'imageFileName': '31.jpg', 'imageUrl': 'https://opendata.euskadi.eus/contenidos/evento/2026050509331852/es_def/images/31.jpg'}]",[],,,,,,,,,,No informado,No informado,No informado,No informado,2026-09-16 00:29:42.756870,No informado
2026060912033677,1,Concierto,Kontzertua,"Under The Tree: ""Colores del sonido""","Under The Tree: ""Colores del sonido""",2026-09-16T00:00:00Z,2026-09-16T00:00:00Z,2026-06-09T12:03:49Z,,20:00,20:00,teatrocampos.com,teatrocampos.com,https://www.teatrocampos.com/espectaculo/colores-del-sonido/?utm_source=newsletter&utm_medium=email&utm_campaign=underthetree&utm_source=Amigos+del+Teatro+Campos+El%C3%ADseos&utm_campaign=ad56f7dc8f-E,https://www.teatrocampos.com/espectaculo/colores-del-sonido/?utm_source=newsletter&utm_medium=email&utm_campaign=underthetree&utm_source=Amigos+del+Teatro+Campos+El%C3%ADseos&utm_campaign=ad56f7dc8f-E,20 / 41 €,20 / 41 €,"<p><em><strong>Colores del Sonido</strong> es un concierto donde la m&uacute;sica y la luz dialogan para crear una experiencia sensorial envolvente. Cada melod&iacute;a se acompa&ntilde;a de un lenguaje visual y una paleta de colores dise&ntilde;ada para reflejar la emoci&oacute;n y la energ&iacute;a de la m&uacute;sica.</em></p>
<p><em>Grandes &eacute;xitos &mdash; desde Whitney Houston hasta Billie Eilish, de The Beatles a Coldplay &mdash; se reinterpretan a trav&eacute;s de paisajes visuales que aportan una nueva dimensi&oacute;n a canciones conocida.</em></p>
<p><em>En este espect&aacute;culo se utiliza una tecnolog&iacute;a inmersiva de proyecci&oacute;n visual, integrada de manera no convencional en el espacio esc&eacute;nico. La imagen envuelve a los m&uacute;sicos y al p&uacute;blico, creando una sensaci&oacute;n de inmersi&oacute;n total, donde la m&uacute;sica y el universo visual se funden en una sola experiencia.</em></p>
<p><em>Un concierto pensado para dejarse llevar y redescubrir canciones ic&oacute;nicas.</em></p>","<p><em><strong>Colores del Sonido</strong> kontzertu bat da, non musikak eta argiak elkarrizketa sortzen duten zentzumen-esperientzia murgiltzaile bat eskaintzeko. Melodia bakoitza hizkuntza bisual batez eta musikaren emozioa eta energia islatzeko bereziki diseinatutako kolore-paleta batez lagunduta dago.</em></p>
<p><em>Arrakasta handiak &mdash; Whitney Houstonetik Billie Eilishera, The Beatlesetik Coldplayera &mdash; berrinterpretatzen dira abesti ezagunei dimentsio berri bat ematen dieten paisaia bisualen bidez.</em></p>
<p><em>Ikuskizun honetan proiekzio bisual murgiltzaileko teknologia erabiltzen da, espazio eszenikoan modu ez-ohikoan integratua. Irudiak musikariak eta publikoa inguratzen ditu, erabateko murgiltze-sentsazioa sortuz; horrela, musika eta unibertso bisuala esperientzia bakar batean batzen dira.</em></p>
<p><em>Musikaren erritmoan eramaten uzteko eta kantu ikonikoak ikuspegi berri batetik berriro deskubritzeko pentsatutako kontzertua da.</em></p>",Bilbao,Bilbao,43.256963,-2.923441,167,48,Teatro Campos Elíseos,Campos Elíseos Antzokia,http://www.teatrocampos.com/,http://www.teatrocampos.com/,Teatro Campos Elíseos,Campos Elíseos Antzokia,"[{'imageId': '1151899', 'imageFileName': '39.jpg', 'imageUrl': 'https://opendata.euskadi.eus/contenidos/evento/2026060912033677/es_def/images/39.jpg'}]",[],https://entradas.teatrocampos.com/espectaculo/colores-del-sonido/UNDERT26?_ga=2.117301190.1534542271.1780999146-828548132.1780999146,https://entradas.teatrocampos.com/espectaculo/colores-del-sonido/UNDERT26?_ga=2.117301190.1534542271.1780999146-828548132.1780999146,,,,,,,,No informado,No informado,No informado,No informado,2026-09-16 00:29:34.871708,No informado
2026061808205458,1,Concierto,Kontzertua,(CANCELADO) Entradas Plácido Domingo (16 de septiembre - Bilbao),(BERTAN BEHERA) Gala Plácido Domingo (irailak 16 - Bilbo),2026-09-16T00:00:00Z,2026-09-16T00:00:00Z,2026-09-07T14:26:18Z,OO,19:30,19:30,euskalduna.eus,euskalduna.eus,https://www.euskalduna.eus/es/detalle/PLACIDO26@Janto_KB/PAEU1,https://www.euskalduna.eus/eu/detalle/PLACIDO26@Janto_KB/PAEU1,,,"<div class=""qMYqUG_convSearchResultHighlightRoot"">
<div class=""text-base my-auto mx-auto pb-10 [--thread-content-margin:var(--thread-content-margin-xs,calc(var(--spacing)*4))] @w-sm/main:[--thread-content-margin:var(--thread-content-margin-sm,calc(var(--spacing)*6))] @w-lg/main:[--thread-content-margin:var(--thread-content-margin-lg,calc(var(--spacing)*16))] px-(--thread-content-margin)"">
<div class=""[--thread-content-max-width:40rem] @w-lg/main:[--thread-content-max-width:48rem] mx-auto max-w-(--thread-content-max-width) flex-1 group/turn-messages focus-visible:outline-hidden relative flex w-full min-w-0 flex-col agent-turn"">
<div class=""flex max-w-full flex-col gap-4 grow"">
<div class=""min-h-8 text-message relative flex w-full flex-col items-end gap-2 text-start break-words whitespace-normal outline-none keyboard-focused:focus-ring [.text-message+&amp;]:mt-1"" dir=""auto"">
<div class=""flex w-full flex-col gap-1 empty:hidden"">
<div class=""markdown prose dark:prose-invert wrap-break-word w-full light markdown-new-styling"">
<p><em><strong>""Debido a circunstancias log&iacute;sticas imprevistas y ajenas a la voluntad de los artistas y al control de Euskalduna Bilbao, les informamos de que el concierto de Pl&aacute;cido Domingo, previsto para el 16 de septiembre de 2026, ha sido cancelado""</strong></em></p>
<p>El pr&oacute;ximo 16 de septiembre, Euskalduna Bilbao acoger&aacute; una de las grandes citas culturales de la temporada con motivo de la <strong>Extraordinaria Gala L&iacute;rica</strong> encabezada por <span class=""hover:entity-accent entity-underline inline cursor-pointer align-baseline"">Pl&aacute;cido Domingo</span>, una de las figuras m&aacute;s admiradas de la historia de la m&uacute;sica. Junto al maestro actuar&aacute;n el tenor <span class=""hover:entity-accent entity-underline inline cursor-pointer align-baseline"">Jorge de Le&oacute;n</span>, la soprano <span class=""hover:entity-accent entity-underline inline cursor-pointer align-baseline"">Sof&iacute;a Esparza</span>, el guitarrista <span class=""hover:entity-accent entity-underline inline cursor-pointer align-baseline"">Pablo Sainz-Villegas</span> y el pianista <span class=""hover:entity-accent entity-underline inline cursor-pointer align-baseline"">&Oacute;liver D&iacute;az</span>.</p>
</div>
</div>
</div>
</div>
</div>
</div>
</div>","<p><em><strong>""Artisten borondatez kanpoko eta Euskalduna Bilbaoren kontroletik kanpoko aurreikusi gabeko arrazoi logistikoak direla eta, 2026ko irailaren 16rako aurreikusita zegoen Pl&aacute;cido Domingoren kontzertua bertan behera geratu dela jakinarazten dizuegu""</strong></em></p>
<p><span>Datorren <strong>irailaren</strong> <strong>16an</strong>, Euskalduna Bilbaok denboraldiko kultur hitzordu handienetako bat hartuko du, Pl&aacute;cido Domingo musikaren historiako figura miretsuenetako batek gidatutako Gala Liriko Aparta dela eta. Maisuarekin batera izango dira Jorge de Le&oacute;n tenorra, Sof&iacute;a Esparza sopranoa, Pablo Sainz-Villegas gitarra-jotzailea eta &Oacute;liver D&iacute;az piano-jotzailea.</span></p>",Bilbao,Bilbao,43.256963,-2.923441,167,48,Palacio Euskalduna,Euskalduna Jauregia,https://www.euskalduna.eus/,https://www.euskalduna.eus/eu/,Palacio Euskalduna,Euskalduna Jauregia,"[{'imageId': '1180814', 'imageFileName': '94.jpg', 'imageUrl': 'https://opendata.euskadi.eus/contenidos/evento/2026061808205458/es_def/images/94.jpg'}]",[],,,,,,,,,,No informado,No informado,No informado,No informado,2026-09-16 00:29:34.871708,No informado
2026070308065557,15,Otro,Bestelakoa,Visita dialogada. KOOPERATIBA (EU),Bisita solasaldia. KOOPERATIBA (EU),2026-09-16T00:00:00Z,2026-09-16T00:00:00Z,2026-09-08T09:20:23Z,EU,17:30,17:30,Tabakalera,Tabakalera,https://www.tabakalera.eus/es/visita-dialogada-kooperatiba-eu,https://www.tabakalera.eus/eu/bisita-solasaldia-kooperatiba-eu,Entrada gratuita,Entrada gratuita,"<p>En estas visitas proponemos conocer los contenidos de la exposición y experimentar nuevas maneras de aproximación al arte contemporáneo. No hace falta tener ningún tipo de conocimiento para participar en las mismas. Las sesiones tienen una duración de una hora y serán dinamizadas por una mediadora de Tabakalera.</p> <p>La exposición KOOPERATIBA nace de una puesta en común entre dos maneras de abordar el pasado, sus documentos y los modos en que estos pueden ser leídos desde el presente. A través de un cruce de miradas, la exposición articula un diálogo entre obras, archivos, lenguajes gráficos y formas de representación política vinculadas a distintas experiencias colectivas. &nbsp;La exposición reúne el trabajo de dos artistas: Carla Filipe y Taxio Ardanaz.</p> <p>Horario: 17:30 EU // 18:30 ES</p> <p>Fechas: &nbsp;<br /> 22 de julio<br /> 12 de agosto. 17:30 EU<br /> 19 de agosto<br /> 2 de septiembre<br /> 16 de septiembre<br /> 30 de septiembre. Jone Alaitz Uriarte. 18:30 ES<br /> 14 de octubre. Ane Agirre Loinaz. 17:30 EU<br /> 28 de octubre&nbsp;<br /> 4 de noviembre. Taxio Ardanaz. 18:30 ES<br /> 9 de diciembre<br /> 23 de diciembre<br /> &nbsp;</p>","<p><span style=""font-size:12pt; white-space:pre-wrap""><span style=""color:#000000""><span style=""font-weight:400""><span style=""font-style:normal""><span style=""text-decoration:none"">Debris Stevenson artistak sortutako instalazio honek publikoa gonbidatzen du hainbat zentzumenen arteko elkarrizketa batean parte hartzera. Tabakalerako eskailera nagusia osatzen duten mailetan gora eta behera, ibilian, ahozko inprobisazioek, ekolaliek eta bibrazioek interpelatuko dituzte bertaratzen direnak. Stevensonek intersekzionalitatea, ustekabeko elementuak eta bidegabea dena arakatzeko ahalegina uztarten dituen praktika artistikoa garatzen du; sarritan publikoak dantzatzea bilatzen duena, galderak egitea eta barrea eragitea. Horiekin guztiekin lotura zuzena da orain Tabakaleran aurkezten duena. </span></span></span></span></span></p> <p><p<span style=""font-size:12pt""><span style=""white-space:pre-wrap""><span style=""color:#000000""><span style=""font-weight:400""><span style=""font-style:normal""><span style=""text-decoration:none"">""<b>Ongi etorri nire polilogo multisentsorialera;</b> inprobisazioen, estimuluen <span style=""font-size:12pt; font-variant:normal; white-space:pre-wrap""><span style=""color:#ee0000""><span style=""font-weight:400""><span style=""font-style:normal""><span style=""text-decoration:none"">eta</span></span></span></span> ekolaliaren kristalizazioa. Igo maila hau<span style=""font-size:12pt; font-variant:normal; white-space:pre-wrap""><span style=""color:#ee0000""><span style=""font-weight:400""><span style=""font-style:normal""><span style=""text-decoration:none"">ek</span></span></span></span></span>, nire gelako leihoaren ertzera igo ohi nintzen bezala: burua atera eta euria entzuteko, petriorea usaintzeko, trenen bibrazioak eta erreberberazioak sentitzeko, <span style=""font-size:12pt; font-variant:normal; white-space:pre-wrap""><span style=""color:#ee0000""><span style=""font-weight:400""><span style=""font-style:normal""><span style=""text-decoration:none"">duela 25 urte Londres ekialdean</span></span></span></span></span> nerabeak eraikinetara igotzen ziren bezala, euren artean soinu arraroak partekatzeko. Komunikabideek jarduera kriminalak, dirua edo indarkeria estaltzeko erabiltzen zituztela zioten, baina, <span style=""font-size:12pt; font-variant:normal; white-space:pre-wrap""><span style=""color:#ee0000""><span style=""font-weight:400""><span style=""font-style:normal""><span style=""text-decoration:none""><s>egia esan</s></span></span></span></span></span>, entzunak sentiarazten gintuen eta gutako<span style=""font-size:12pt; font-variant:normal; white-space:pre-wrap""><span style=""color:#ee0000""><span style=""font-weight:400""><span style=""font-style:normal""><span style=""text-decoration:none""> inork nola deitu ez zekien genero musikal berri bat asmatzen zuten, baina azkenean ""<font color=""#ff0000"">G</font><font color=""#ff0000"">rime"" gisa bataiatu zen</font></span></span></span></span></span>. Jendeak erromesaldiak egiten zituen estatika horren zirrikituak atzemateko, <span style=""font-size:12pt; font-variant:normal; white-space:pre-wrap""><span style=""color:#ee0000""><span style=""font-weight:400""><span style=""font-style:normal""><span style=""text-decoration:none"">ni neu barne =<s>ad lids</s> ad-libs</span></span></span></span></span> nekez entzun daitezkeen inprobisazioak, kasetezko zintetan grabatuak eta posta-kode desberdinen artean partekatuak —, elkarri entzun geniezaion. Autistek (<span style=""font-size:12pt; font-variant:normal; white-space:pre-wrap""><span style=""color:#ee0000""><span style=""font-weight:400""><span style=""font-style:normal""><span style=""text-decoration:none"">pertsona autistek)</span></span></span></span></span> beren piraten irrati sarea<font color=""#ff0000"">»</font> dutelako ideiaren oso antzekoa da, eta haiek bakarrik sar daitezke sare horretara — zorioneko kointzidentzia da hori (begi-bistakoa ez esatearren); izan ere, <b>Bass Culture</b> delakorako funtsezkoak diren aitzindari askori (<span style=""font-size:12pt; font-variant:normal; white-space:pre-wrap""><span style=""color:#ee0000""><span style=""font-weight:400""><span style=""font-style:normal""><span style=""text-decoration:none"">Karibetik Erresuma Batuan zehar Grime leinua sortzeko migratu zuten soinuak)</span></span></span></span></span> neurodibertsitatea diagnostikatzen ari zaie orain —"".</span></span> </span></span></span></span></p<span></p> <p><span style=""white-space:pre-wrap""><span style=""color:#000000""><span style=""font-weight:400""><span style=""font-style:normal""><span style=""text-decoration:none""><span style=""font-size:12pt; font-variant:normal; white-space:pre-wrap"">Debris Stevenson</span></span></span></span></span></span></p> <p>&nbsp;</p> <p><strong>ESKERTZA</strong><br /> <br /> Nire esker ona adierazi nahi diet Oxford Brookesi eta <a href=""https://cora.brookes.ac.uk/"">CoRA</a>ri — diziplina arteko ikerketa-zentroari —, bereziki Daniela Treveri Gennari, Ray Lee, David Lloyd, David Carugo, Ruth Shaw-Williams, Abi Simmons, Jane Potter eta nire doktoregoko kide guztiei, ideiak garatzeko eta instalazioa sortzeko unean duten laguntzagatik. Era berean, eskerrak eman nahi dizkiet neuroqueerness eta Bass Culture arloetako ikertzaileei: Mykaell Riley (<a href=""https://bmru.co.uk/"">Black Music Research Unit</a>) eta Nick Walker (<a href=""https://neuroqueer.com/neuroqueer-heresies/"">Neuroqueer Heresies</a>). Gabriel May eta Alfie Barkerri, instalazio honetarako grabatutako olerkien ekoizpenean emandako laguntzagatik. Azkenik, Hannah Silva eta Amelia Long, horiek gabe ezer ez baitzen posible izango.</p> <p>&nbsp;</p> <p data-end=""424"" data-start=""406""><strong data-end=""424"" data-start=""406"">ERREFERENTZIAK</strong></p> <p data-end=""734"" data-is-last-node="""" data-is-only-node="""" data-start=""426""><strong data-end=""463"" data-start=""426"">3. kapitulua: «WOT DO U CALL IT?»</strong> Audio-zati hau jasotzen du: <em data-end=""548"" data-start=""492"">Choice FM 96.9 (Night Flight, Commander B-k aurkeztua)</em>, 2002. Parte-hartzaileak: <strong data-end=""586"" data-start=""575"">Asher D</strong> eta <strong data-end=""608"" data-start=""591"">Dizzee Rascal</strong>. Iturri osoa <strong data-end=""639"" data-start=""622"">UK Grime 24/7</strong>-en artxibo digitalean dago eskuragarri, YouTuben: <a data-end=""733"" data-start=""690"" href=""https://www.youtube.com/watch?v=-zbC_n28okE"" rel=""noopener"" target=""_new"">https://www.youtube.com/watch?v=-zbC_n28okE</a>.</p> <p data-end=""734"" data-is-last-node="""" data-is-only-node="""" data-start=""426"">&nbsp;</p>",Donostia / San Sebastián,Donostia / San Sebastián,43.320725,-1.984449,82,20,,,https://www.tabakalera.eus/es/visita-dialogada-kooperatiba-eu,https://www.tabakalera.eus/es/visita-dialogada-kooperatiba-eu,https://www.tabakalera.eus/es/visita-dialogada-kooperatiba-eu,https://www.tabakalera.eus/es/visita-dialogada-kooperatiba-eu,[],[],https://sarrerak.tabakalera.eus/es/visita-dialogada.-kooperatiba-eu,https://sarrerak.tabakalera.eus/eu/bisita-solasaldia.-kooperatiba-eu,,,Tabakalera,Tabakalera,0,,,No informado,No informado,No informado,No informado,2026-09-16 00:29:35.691243,No informado
2026070805012237,6,Conferencia,Hitzaldia,"Presentación de libro: ""Los últimos hijos de Bodo""","Liburu-aurkezpena: ""Los últimos hijos de Bodo""",2026-09-16T00:00:00Z,2026-09-16T00:00:00Z,2026-07-08T09:59:16Z,ES,19:00,19:00,Getxo Kultura,Getxo Kultura,https://getxo-kultura.eus/es/agenda/liburu-aurkezpena-los-ultimos-hijos-de-bodo/,https://getxo-kultura.eus/agenda/liburu-aurkezpena-los-ultimos-hijos-de-bodo/,Gratis,Doan,"<p>A&ntilde;o 27 a.C., Octavio Augusto desembarca en Tarraco con la finalidad de preparar la conquista de los territorios de c&aacute;ntabros y astures, los &uacute;nicos que a&uacute;n no han sido sometidos en Hispania. En el frente astur, el Caesar env&iacute;a a su legado de la Lusitania, Publio Carisio, que se pone al frente de tres legiones para tal cometido. La guerra no ser&aacute; f&aacute;cil, los clanes astures realizan una alianza como nunca antes frente al enemigo com&uacute;n. Esta es la historia de aquellas intensas y dram&aacute;ticas guerras. De la resistencia del gran asentamiento astur de Lancia. De personajes variopintos, como el gran caudillo lugg&oacute;n Gaus&oacute;n, el mercader griego Diocles, o el esclavo kushita Mentulo, entre otros. Pero, sobre todo; esta es la historia de Curuenno, un monta&ntilde;&eacute;s perteneciente a una antigua hermandad de guerreros denominada &laquo;Los Hijos de Bodo&raquo;, y Polma, una hermosa joven astur. Con el tiempo, su historia acabar&iacute;a convirti&eacute;ndose en leyenda.</p>","<p>K.a. 27. urtean, Octavio Augusto Tarrakon lehorreratu zen kantabriar eta asturiar lurraldeen konkista prestatzeko asmoz, Hispanian oraindik menperatu ez diren bakarrak. Astur frontean, Kaesarrak Lusitaniako bere legatua, Publio Karisio, bidali zuen, eta hiru legioren buru jarri zen zeregin horretarako. Gerra ez da erraza izango, asturiar klanek inoiz ez bezalako aliantza egiten dute etsai komunaren aurrean. Hau da gerra bizi eta dramatiko haien istorioa. Astur de Lancia kokaleku handiaren erresistentziaz. Pertsonaia askotarikoak, hala nola Gauson buruzagi handia, Diokles merkatari greziarra edo Mentulo esklabo kushita, besteak beste. Baina, batez ere, hau da Curuenno, &ldquo;Los Hijos de Bodo&rdquo; izeneko antzinako gerlari anaiarte bateko menditar baten istorioa, eta Polma, astur gazte eder batena. Denborarekin, bere historia legenda bihurtuko zen.</p>",Getxo,Getxo,43.362286,-3.012567,190,48,Romo Kultur Etxea (RKE),Romo Kultur Etxea (RKE),https://www.getxo.eus/es/urbanismo/noticias/28,https://www.getxo.eus/es/urbanismo/noticias/28,Romo Kultur Etxea (RKE),Romo Kultur Etxea (RKE),"[{'imageId': '1161997', 'imageFileName': '14.jpg', 'imageUrl': 'https://opendata.euskadi.eus/contenidos/evento/2026070805012237/es_def/images/14.jpg'}]",[],,,,,,,,,,No informado,No informado,No informado,No informado,2026-09-16 00:29:43.263788,No informado
2026071408064364,3,Exposición,Erakusketa,"""Exposición del curso 2025-2026""","""Exposición del curso 2025-2026""",2026-06-18T00:00:00Z,2026-09-16T00:00:00Z,2026-07-14T08:06:54Z,,,,gernika-lumo.eus/,gernika-lumo.eus/,https://www.gernika-lumo.eus/es-ES/Eventos/Paginas/20260916-arte-taillerren-erakusketa.aspx,https://www.gernika-lumo.eus/es-ES/Eventos/Paginas/20260916-arte-taillerren-erakusketa.aspx,,,"<ul class='lista'>
<li>18 de junio - 16 de septiembre¿</li>
<li>Talleres de arte de la Kultur Etxea</li>
<li>Sala de exposiciones Ricardo Abaunza (Kultur Etxea)¿¿</li>
</ul>","<ul class='lista'>
<li>Ekainak ¿¿18 - Irailak 16</li>
<li>Kultur etxeko arte tailerrak</li>
<li>Ricardo Abaunza erakusketa gela¿ (Kultur Etxea)</li>
</ul>",Gernika-Lumo,Gernika-Lumo,43.317233,-2.678958,189,48,Sala de exposiciones Ricardo Abaunza,Ricardo Abaunza erakusgela,https://kulturagernika-lumo.eus/es/inauguracion-de-la-sala-de-exposiciones-ricardo-abaunza/,https://kulturagernika-lumo.eus/es/inauguracion-de-la-sala-de-exposiciones-ricardo-abaunza/,Sala de exposiciones Ricardo Abaunza,Ricardo Abaunza erakusgela,"[{'imageId': '1163708', 'imageFileName': '322332.jpg', 'imageUrl': 'https://opendata.euskadi.eus/contenidos/evento/2026071408064364/es_def/images/322332.jpg'}]",[],,,,,,,,,,No informado,No informado,No informado,No informado,2026-09-16 00:29:43.677763,No informado
2026072105053550,15,Otro,Bestelakoa,"Visita dialogada: ""KOOPERATIBA""","Bisita solasaldia: ""KOOPERATIBA""",2026-09-16T00:00:00Z,2026-09-16T00:00:00Z,2026-07-21T09:10:00Z,ES,18:30,18:30,Tabakalera,Tabakalera,https://www.tabakalera.eus/es/visita-dialogada-kooperatiba-es#c421209,https://www.tabakalera.eus/eu/bisita-solasaldia-kooperatiba-es#c421209,Reserva,Erreserba,"<p>En estas visitas proponemos conocer los contenidos de la exposici&oacute;n y experimentar nuevas maneras de aproximaci&oacute;n al arte contempor&aacute;neo. No hace falta tener ning&uacute;n tipo de conocimiento para participar en las mismas. Las sesiones tienen una duraci&oacute;n de una hora y ser&aacute;n dinamizadas por una mediadora de Tabakalera.</p>
<p>La exposici&oacute;n KOOPERATIBA nace de una puesta en com&uacute;n entre dos maneras de abordar el pasado, sus documentos y los modos en que estos pueden ser le&iacute;dos desde el presente. A trav&eacute;s de un cruce de miradas, la exposici&oacute;n articula un di&aacute;logo entre obras, archivos, lenguajes gr&aacute;ficos y formas de representaci&oacute;n pol&iacute;tica vinculadas a distintas experiencias colectivas. &nbsp;La exposici&oacute;n re&uacute;ne el trabajo de dos artistas: Carla Filipe y Taxio Ardanaz.</p>
<p>Horarios:&nbsp;17:30 EU // 18:30 ES</p>
<p><br /> <strong>Fechas</strong>: &nbsp;<br /> 22 de julio<br /> 12 de agosto 17:30 EU<br /> 19 de agosto<br /> 2 de septiembre<br /> 16 de septiembre<br /> 30 de septiembre. Jone Alaitz Uriarte. 18:30 ES<br /> 14 de octubre. Ane Agirre Loinaz 17:30 EU<br /> 28 de octubre&nbsp;<br /> 4 de noviembre. Taxio Ardanaz 18:30 ES<br /> 9 de diciembre<br /> 23 de diciembre</p>","<p>Bisita hauetan erakusketaren edukiak ezagutu eta arte garaikidera hurbiltzeko modu berriak esperimentatzea proposatzen dugu. Ez da beharrezkoa artearen inguruko ezagutzarik izatea horietan parte hartzeko. Saioek ordubeteko iraupena dute eta Tabakalerako bitartekari batek dinamizatuko ditu.</p>
<p>KOOPERATIBA erakusketa iraganari, bere dokumentuei eta horiei &nbsp;buruz orainalditik egin daitezkeen irakurketei heltzeko bi moduren arteko bateratze-lan batetik sortua da. Begiradak gurutzatuz, erakusketak elkarrizketa bat artikulatzen du esperientzia kolektibo jakin batzuekin lotutako obra, artxibo, lengoaia grafiko eta adierazpide politikoen artean. &nbsp;Erakusketak bi artisten lana biltzen du: Carla Filipe eta Taxio Ardanaz.</p>
<p>Ordutegiak:&nbsp;17:30 EU // 18:30 ES</p>
<p><strong>Datak</strong>: &nbsp;<br /> Uztailak 22<br /> Abuztuak 12 17:30 EU<br /> Abuztuak 19<br /> Irailak 2<br /> Irailak 16<br /> Irailak 30. Jone Alaitz Uriarte. 18:30 ES<br /> Urriak 14 &nbsp;Ane Agirre 17:30 EU<br /> Urriak 28<br /> Azaroak 4 Taxio Ardanaz. 18:30 ES<br /> Azaroak 18 17:30 EU<br /> Abenduak 9<br /> Abenduak 23</p>",Donostia / San Sebastián,Donostia / San Sebastián,43.320725,-1.984449,82,20,Tabakalera,Tabakalera,https://www.tabakalera.eus/es/,https://www.tabakalera.eus/eu/,Tabakalera,Tabakalera,"[{'imageId': '1166031', 'imageFileName': '1.jpg', 'imageUrl': 'https://opendata.euskadi.eus/contenidos/evento/2026072105053550/es_def/images/1.jpg'}]",[],https://sarrerak.tabakalera.eus/es/visita-dialogada.-kooperatiba.-es,https://sarrerak.tabakalera.eus/eu/bisita-solasaldia.-kooperatiba.-es,,,,,,,,No informado,No informado,No informado,No informado,2026-09-16 00:29:35.691243,No informado
2026072105054362,15,Otro,Bestelakoa,"Visita dialogada: ""KOOPERATIBA""","Bisita solasaldia: ""KOOPERATIBA""",2026-09-16T00:00:00Z,2026-09-16T00:00:00Z,2026-07-21T09:10:44Z,EU,17:30,17:30,Tabakalera,Tabakalera,https://www.tabakalera.eus/es/visita-dialogada-kooperatiba-eu#c421210,https://www.tabakalera.eus/eu/bisita-solasaldia-kooperatiba-eu#c421210,Reserva,Erreserba,"<p>En estas visitas proponemos conocer los contenidos de la exposici&oacute;n y experimentar nuevas maneras de aproximaci&oacute;n al arte contempor&aacute;neo. No hace falta tener ning&uacute;n tipo de conocimiento para participar en las mismas. Las sesiones tienen una duraci&oacute;n de una hora y ser&aacute;n dinamizadas por una mediadora de Tabakalera.</p>
<p>La exposici&oacute;n KOOPERATIBA nace de una puesta en com&uacute;n entre dos maneras de abordar el pasado, sus documentos y los modos en que estos pueden ser le&iacute;dos desde el presente. A trav&eacute;s de un cruce de miradas, la exposici&oacute;n articula un di&aacute;logo entre obras, archivos, lenguajes gr&aacute;ficos y formas de representaci&oacute;n pol&iacute;tica vinculadas a distintas experiencias colectivas. &nbsp;La exposici&oacute;n re&uacute;ne el trabajo de dos artistas: Carla Filipe y Taxio Ardanaz.</p>
<p>Horario: 17:30 EU // 18:30 ES</p>
<p>Fechas: &nbsp;</p>
<ul class='lista'>
<li>22 de julio</li>
<li>12 de agosto. 17:30 EU</li>
<li>19 de agosto</li>
<li>2 de septiembre</li>
<li>16 de septiembre</li>
<li>30 de septiembre. Jone Alaitz Uriarte. 18:30 ES</li>
<li>14 de octubre. Ane Agirre Loinaz. 17:30 EU</li>
<li>28 de octubre&nbsp;</li>
<li>4 de noviembre. Taxio Ardanaz. 18:30 ES</li>
<li>9 de diciembre</li>
<li>23 de diciembre</li>
</ul>","<p>Bisita hauetan erakusketaren edukiak ezagutu eta arte garaikidera hurbiltzeko modu berriak esperimentatzea proposatzen dugu. Ez da beharrezkoa artearen inguruko ezagutzarik izatea horietan parte hartzeko. Saioek ordubeteko iraupena dute eta Tabakalerako bitartekari batek dinamizatuko ditu.</p>
<p>KOOPERATIBA erakusketa iraganari, bere dokumentuei eta horiei &nbsp;buruz orainalditik egin daitezkeen irakurketei heltzeko bi moduren arteko bateratze-lan batetik sortua da. Begiradak gurutzatuz, erakusketak elkarrizketa bat artikulatzen du esperientzia kolektibo jakin batzuekin lotutako obra, artxibo, lengoaia grafiko eta adierazpide politikoen artean. &nbsp;Erakusketak bi artisten lana biltzen du: Carla Filipe eta Taxio Ardanaz.</p>
<p>Ordutegia:&nbsp;&nbsp;17:30 EU // 18:30 ES</p>
<p>Datak:</p>
<ul class='lista'>
<li>Uztailak 22</li>
<li>Abuztuak 12 17:30 EU</li>
<li>Abuztuak 19</li>
<li>Irailak 2</li>
<li>Irailak 16</li>
<li>Irailak 30. Jone Alaitz Uriarte. 18:30 ES</li>
<li>Urriak 14 &nbsp;Ane Agirre 17:30 EU</li>
<li>Urriak 28</li>
<li>Azaroak 4 Taxio Ardanaz. 18:30 ES</li>
<li>Azaroak 18 17:30 EU</li>
<li>Abenduak 9</li>
<li>Abenduak 23</li>
</ul>",Donostia / San Sebastián,Donostia / San Sebastián,43.320725,-1.984449,82,20,Tabakalera,Tabakalera,https://www.tabakalera.eus/es/,https://www.tabakalera.eus/eu/,Tabakalera,Tabakalera,"[{'imageId': '1166029', 'imageFileName': '1.jpg', 'imageUrl': 'https://opendata.euskadi.eus/contenidos/evento/2026072105054362/es_def/images/1.jpg'}]",[],https://sarrerak.tabakalera.eus/es/visita-dialogada.-kooperatiba-eu,https://sarrerak.tabakalera.eus/eu/bisita-solasaldia.-kooperatiba-eu,,,,,,,,No informado,No informado,No informado,No informado,2026-09-16 00:29:35.691243,No informado
